slug	idx	src	w	h	kb	alt
boeideel-bekleden	1	/assets/img/boeideel-bekleden/boeideel-bekleden-hero-dakrand.webp	1065	1350	310.5	Boeideel bekleden met onderhoudsarme dakrandafwerking
boeideel-bekleden	2	/assets/img/boeideel-bekleden/boeideel-bekleden-dakrand-detail.webp	1200	554	99.8	Dakrand controleren voor boeideel bekleden
boeideel-bekleden	3	/assets/img/boeideel-bekleden/boeideel-bekleden-dakgoot-detail.webp	843	1498	178.3	Boeideel bekleden rondom dakgoot en dakrand
boeideel-repareren	1	/assets/img/boeideel-repareren/boeideel-repareren-hero-dakrand.webp	1065	1350	310.5	Boeideel repareren aan een dakrand
boeideel-repareren	2	/assets/img/boeideel-repareren/boeideel-repareren-dakrand-detail.webp	1200	554	99.8	Dakrand inspecteren bij boeideel reparatie
boeideel-repareren	3	/assets/img/boeideel-repareren/boeideel-repareren-dakgoot-detail.webp	843	1498	178.3	Boeideel repareren rondom dakgoot en dakrand
boeideel-vervangen	1	/assets/img/boeideel-vervangen/boeideel-vervangen-hero-dakrand.webp	1065	1350	310.5	Boeideel vervangen bij dakrand en boeiboord aansluiting
boeideel-vervangen	2	/assets/img/boeideel-vervangen/boeideel-vervangen-live-open-dakkapel-aansluiting.jpg	720	1280	116.6	Open dakkapel aansluiting controleren bij boeideel vervangen
boeideel-vervangen	3	/assets/img/boeideel-vervangen/boeideel-vervangen-live-afgewerkte-dakrand.jpg	720	1280	196.8	Afgewerkte boeidelen en dakrand bij dakkapel
dak-isoleren	1	/assets/img/dak-isoleren/dak-isoleren-visual-01-dak-isoleren-diensten-dak-isoleren-1.webp	900	692	99.3	Hellend dak isoleren vanaf de buitenzijde met PIR-platen
dak-isoleren	2	/assets/img/dak-isoleren/dak-isoleren-visual-02-dak-isoleren-pir-diensten-dak-isoleren.webp	1200	675	142.1	PIR-isolatieplaten op een hellend dak aanbrengen
dak-isoleren	3	/assets/img/dak-isoleren/dak-isoleren-live-pir-dakrenovatie-zonder-ladderpersoon.jpg	720	570	116.5	Hellend dak tijdens renovatie met PIR-isolatieplaten
dak-reinigen	1	/assets/img/dak-reinigen/dak-reinigen-visual-03-vervuild-dak-diensten-dak-reinigen.webp	441	402	50.2	Vervuild pannendak met mos en aanslag laten reinigen
dak-reinigen	2	/assets/img/dak-reinigen/dak-reinigen-visual-02-dak-reinigen-diensten-dak-reinigen.webp	1200	675	186.6	Pannendak professioneel reinigen met gecontroleerde waterdruk
dak-reinigen	3	/assets/img/dak-reinigen/dak-reinigen-visual-01-te-renoveren-nok-diensten-nokvorstrenovatie.webp	313	349	23.5	Nokvorsten en dakdetails controleren tijdens dakreiniging
dakbeschot-aanbrengen	1	/assets/img/dakbeschot-aanbrengen/dakbeschot-aanbrengen-hero-dakbeschot.webp	1200	463	97.9	Dakbeschot aanbrengen voor een hellend dak
dakbeschot-aanbrengen	2	/assets/img/dakbeschot-aanbrengen/dakbeschot-aanbrengen-dakconstructie.webp	1200	1379	324.7	Draagconstructie controleren voor dakbeschot aanbrengen
dakbeschot-aanbrengen	3	/assets/img/dakbeschot-aanbrengen/dakbeschot-aanbrengen-live-nieuw-dakbeschot.jpg	1200	800	158.4	Nieuw dakbeschot en constructiehout aangebracht bij dakrenovatie
dakbeschot-plat-dak-repareren	1	/assets/img/dakbeschot-plat-dak-repareren/dakbeschot-plat-dak-repareren-hero-bitumen.webp	1200	554	93.4	Dakbeschot van plat dak repareren onder bitumen dakbedekking
dakbeschot-plat-dak-repareren	2	/assets/img/dakbeschot-plat-dak-repareren/dakbeschot-plat-dak-repareren-bitumen-detail.webp	1200	554	99.8	Bitumen detail controleren bij dakbeschot plat dak repareren
dakbeschot-plat-dak-repareren	3	/assets/img/dakbeschot-plat-dak-repareren/dakbeschot-plat-dak-repareren-plat-dak.webp	312	349	20.8	Plat dak constructie controleren bij dakbeschot repareren
dakbeschot-plat-dak-vervangen	1	/assets/img/dakbeschot-plat-dak-vervangen/dakbeschot-plat-dak-vervangen-hero-bitumen.webp	1200	554	93.4	Dakbeschot van plat dak vervangen onder bitumen dakbedekking
dakbeschot-plat-dak-vervangen	2	/assets/img/dakbeschot-plat-dak-vervangen/dakbeschot-plat-dak-vervangen-live-houtrot-voor.jpg	1200	800	275.9	Aangetast houten dakbeschot onder een plat dak voor vervanging
dakbeschot-plat-dak-vervangen	3	/assets/img/dakbeschot-plat-dak-vervangen/dakbeschot-plat-dak-vervangen-live-nieuw-dakbeschot-na.jpg	1200	800	308.6	Nieuw houten dakbeschot aangebracht op een plat dak
dakbeschot-repareren	1	/assets/img/dakbeschot-repareren/dakbeschot-repareren-hero-dakbeschot.webp	1200	463	97.9	Dakbeschot repareren bij een hellend dak
dakbeschot-repareren	2	/assets/img/dakbeschot-repareren/dakbeschot-repareren-dakconstructie.webp	1200	1379	324.7	Dakconstructie controleren bij dakbeschot repareren
dakbeschot-repareren	3	/assets/img/dakbeschot-repareren/dakbeschot-repareren-dakopbouw.webp	116	160	5.5	Dakopbouw controleren bij dakbeschot repareren
dakbeschot-vervangen	1	/assets/img/dakbeschot-vervangen/dakbeschot-vervangen-hero-dakbeschot.webp	1200	463	97.9	Dakbeschot vervangen bij een hellend pannendak
dakbeschot-vervangen	2	/assets/img/dakbeschot-vervangen/dakbeschot-vervangen-dakconstructie.webp	1200	1379	324.7	Dakconstructie controleren bij dakbeschot vervangen
dakconstructie-repareren	1	/assets/img/dakconstructie-repareren/dakconstructie-repareren-hero-constructie.webp	1200	1379	324.7	Dakconstructie repareren bij hellend dak
dakconstructie-repareren	2	/assets/img/dakconstructie-repareren/dakconstructie-repareren-live-houtrot-spant.jpg	1200	800	159.1	Aangetaste houten dakconstructie met houtrot
dakconstructie-verstevigen	1	/assets/img/dakconstructie-verstevigen/dakconstructie-verstevigen-hero-constructie.webp	1200	1379	324.7	Dakconstructie verstevigen bij hellend dak
dakconstructie-verstevigen	2	/assets/img/dakconstructie-verstevigen/dakconstructie-verstevigen-live-open-kapconstructie.jpg	1200	800	174.9	Open kapconstructie met houten draagbalken
dakconstructie-verstevigen	3	/assets/img/dakconstructie-verstevigen/dakconstructie-verstevigen-live-nieuwe-kapconstructie.jpg	1200	800	151.5	Nieuwe houten dakconstructie tijdens versteviging
dakconstructie-vervangen	1	/assets/img/dakconstructie-vervangen/dakconstructie-vervangen-hero-constructie.webp	1200	1379	324.7	Dakconstructie vervangen bij hellend dak
dakconstructie-vervangen	2	/assets/img/dakconstructie-vervangen/dakconstructie-vervangen-live-open-kap-buitenzijde.jpg	1200	800	138.9	Open dakconstructie tijdens vervanging van een hellend dak
dakconstructie-vervangen	3	/assets/img/dakconstructie-vervangen/dakconstructie-vervangen-live-nieuwe-kapconstructie.jpg	1200	800	181.7	Nieuwe houten kapconstructie tijdens dakvervanging
dakdoorvoer-aanbrengen	1	/assets/img/dakdoorvoer-aanbrengen/dakdoorvoer-aanbrengen-hero-detail.webp	713	329	73.4	Dakdoorvoer aanbrengen met waterdichte aansluiting op hellend dak
dakdoorvoer-aanbrengen	2	/assets/img/dakdoorvoer-aanbrengen/dakdoorvoer-aanbrengen-hellend-dak.webp	1200	1600	278.9	Dakdoorvoer aanbrengen op hellend pannendak
dakdoorvoer-aanbrengen	3	/assets/img/dakdoorvoer-aanbrengen/dakdoorvoer-aanbrengen-aansluiting-detail.webp	1500	693	90.3	Waterdichte aansluiting rondom dakdoorvoer controleren
dakdoorvoer-repareren	1	/assets/img/dakdoorvoer-repareren/dakdoorvoer-repareren-hero-detail.webp	713	329	73.4	Dakdoorvoer repareren met waterdichte aansluiting op hellend dak
dakdoorvoer-repareren	2	/assets/img/dakdoorvoer-repareren/dakdoorvoer-repareren-hellend-dak.webp	1200	1600	278.9	Dakdoorvoer repareren op hellend pannendak
dakdoorvoer-repareren	3	/assets/img/dakdoorvoer-repareren/dakdoorvoer-repareren-aansluiting-detail.webp	1500	693	90.3	Waterdichte aansluiting rondom dakdoorvoer repareren
dakdoorvoer-vervangen	1	/assets/img/dakdoorvoer-vervangen/dakdoorvoer-vervangen-hero-detail.webp	713	329	73.4	Dakdoorvoer vervangen met waterdichte aansluiting
dakdoorvoer-vervangen	2	/assets/img/dakdoorvoer-vervangen/dakdoorvoer-vervangen-aansluiting-detail.webp	1500	693	90.3	Aansluiting vernieuwen bij dakdoorvoer vervangen
dakdoorvoer-vervangen	3	/assets/img/dakdoorvoer-vervangen/dakdoorvoer-vervangen-hellend-dak.webp	1200	1600	278.9	Dakdoorvoer vervangen op hellend pannendak
dakgoot-bladwering-plaatsen	1	/assets/img/dakgoot-bladwering-plaatsen/dakgoot-bladwering-plaatsen-hero-vervuilde-dakgoot.webp	1500	693	247.3	Dakgoot bladwering plaatsen tegen bladeren en vuil
dakgoot-bladwering-plaatsen	2	/assets/img/dakgoot-bladwering-plaatsen/dakgoot-bladwering-plaatsen-reinigen-detail.webp	360	208	12.6	Dakgoot reinigen voor bladwering plaatsen
dakgoot-bladwering-plaatsen	3	/assets/img/dakgoot-bladwering-plaatsen/dakgoot-bladwering-plaatsen-goot-detail.webp	843	1498	178.3	Dakgoot en hemelwaterafvoer controleren bij bladwering plaatsen
dakgoot-vervangen	1	/assets/img/dakgoot-vervangen/dakgoot-vervangen-live-banner.webp	1400	788	59.0	Woning met dakgoot die beoordeeld wordt voor vervanging
dakgoot-vervangen	2	/assets/img/dakgoot-vervangen/dakgoot-vervangen-live-dakgoot-vervuild.webp	1500	693	247.3	Vervuilde dakgoot met stilstaand water en blad
dakgoot-vervangen	3	/assets/img/dakgoot-vervangen/dakgoot-vervangen-live-dakgoot-te-vervangen.webp	1065	1350	310.5	Dakgoot in slechte staat die mogelijk vervangen moet worden
dakgoot-vervangen	4	/assets/img/dakgoot-vervangen/dakgoot-vervangen-live-zinken-dakgoot-vervangen.webp	1050	590	104.1	Zinken dakgoot vervangen langs een dakrand
dakgoot-vervangen	5	/assets/img/dakgoot-vervangen/dakgoot-vervangen-live-zinken-dakgoot-vervangen-detail.webp	843	1498	178.3	Detail van vernieuwde zinken dakgoot
dakgrind-aanbrengen	1	/assets/img/dakgrind-aanbrengen/dakgrind-aanbrengen-hero-plat-dak.webp	312	349	20.8	Dakgrind aanbrengen op een plat dak met bitumen dakbedekking
dakgrind-aanbrengen	2	/assets/img/dakgrind-aanbrengen/dakgrind-aanbrengen-ballast-plat-dak.webp	1200	510	157.3	Ballastgrind gelijkmatig aanbrengen op plat dak
dakgrind-aanbrengen	3	/assets/img/dakgrind-aanbrengen/dakgrind-aanbrengen-dakbedekking-detail.webp	1200	554	99.8	Dakbedekking controleren voordat dakgrind wordt aangebracht
dakgrind-reinigen	1	/assets/img/dakgrind-reinigen/dakgrind-reinigen-hero-plat-dak.webp	312	349	20.8	Dakgrind reinigen op plat dak met ballastlaag
dakgrind-reinigen	2	/assets/img/dakgrind-reinigen/dakgrind-reinigen-ballast-plat-dak.webp	1200	510	157.3	Vervuilde ballastlaag op plat dak beoordelen
dakgrind-reinigen	3	/assets/img/dakgrind-reinigen/dakgrind-reinigen-dakbedekking-detail.webp	1200	554	99.8	Dakbedekking controleren tijdens reinigen van dakgrind
dakgrind-verwijderen	1	/assets/img/dakgrind-verwijderen/dakgrind-verwijderen-hero-plat-dak.webp	312	349	20.8	Dakgrind verwijderen van een plat dak met bitumen dakbedekking
dakgrind-verwijderen	2	/assets/img/dakgrind-verwijderen/dakgrind-verwijderen-dakbedekking-detail.webp	1200	554	99.8	Dakbedekking controleren nadat dakgrind is verwijderd
dakgrind-verwijderen	3	/assets/img/dakgrind-verwijderen/dakgrind-verwijderen-ballast-plat-dak.webp	1200	510	157.3	Ballastlaag op plat dak beoordelen voor renovatie
dakinspectie	1	/assets/img/gratis-dakinspectie/gratis-dakinspectie-01-dakrenovatie-pannendak-nodig-diensten-dakrenovatie.webp	1391	1600	367.0	Vervallen pannendak
dakinspectie	2	/assets/img/gratis-dakinspectie/gratis-dakinspectie-01-plat-dak-overlagen-2-diensten-plat-dak-vervangen.webp	2000	924	151.7	Plat dak met mankementen
dakinspectie	3	/assets/img/gratis-dakinspectie/gratis-dakinspectie-01-nokvorsten-1.webp	620	365	54.6	Sterk verouderde nokvorsten en dakpannen
dakinspectie	4	/assets/img/gratis-dakinspectie/gratis-dakinspectie-01-dakrenovatie-pannendak-nodig-diensten-dakrenovatie.webp	1391	1600	367.0	Dakinspectie bij pannendak
dakkapel-lood-vervangen	1	/assets/img/dakkapel-lood-vervangen/dakkapel-lood-vervangen-live-dakkapel-informatiepagina.webp	600	337	45.7	Dakkapel met loodwerk dat beoordeeld wordt voor vervanging
dakkapel-lood-vervangen	2	/assets/img/dakkapel-lood-vervangen/dakkapel-lood-vervangen-live-dakkapel-renovatie.webp	285	133	9.3	Dakkapel aansluiting met loodwerk beoordelen op slijtage
dakkapel-lood-vervangen	3	/assets/img/dakkapel-lood-vervangen/dakkapel-lood-vervangen-live-lood-vervangen.webp	116	206	6.0	Nieuw loodwerk aanbrengen bij een dakkapel
dakkapel-lood-vervangen	4	/assets/img/dakkapel-lood-vervangen/dakkapel-lood-vervangen-live-onder-trespa.webp	141	250	6.9	Dakkapellood vervangen onder Trespa bekleding
dakkapel-lood-vervangen	5	/assets/img/dakkapel-lood-vervangen/dakkapel-lood-vervangen-live-kosten.webp	225	400	18.7	Dakkapellood vervangen kosten en uitvoering beoordelen
dakkapel-plaatsen	1	/assets/img/dakkapel-plaatsen/dakkapel-plaatsen-hero.webp	1200	561	91.3	Nieuwe dakkapel plaatsen op schuin pannendak
dakkapel-plaatsen	2	/assets/img/dakkapel-plaatsen/dakkapel-plaatsen-nieuwe-dakkapel.webp	504	650	46.1	Nieuwe dakkapel met onderhoudsarme afwerking
dakkapel-plaatsen	3	/assets/img/dakkapel-plaatsen/dakkapel-plaatsen-aansluiting-detail.webp	600	337	45.7	Waterdichte aansluiting bij dakkapel plaatsen
dakkapel-renoveren	1	/assets/img/dakkapel-renoveren/dakkapel-renoveren-live-banner.webp	1400	327	58.4	Dakkapel op een woning beoordelen voor renovatie
dakkapel-renoveren	2	/assets/img/dakkapel-renoveren/dakkapel-renoveren-live-dakkapel-voor-renovatie.webp	1100	515	65.9	Dakkapel voor renovatie met verouderde bekleding en aansluitingen
dakkapel-renoveren	3	/assets/img/dakkapel-renoveren/dakkapel-renoveren-live-dakkapel-gerenoveerd.webp	504	650	46.1	Gerenoveerde dakkapel met vernieuwde buitenzijde
dakkapel-renoveren	4	/assets/img/dakkapel-renoveren/dakkapel-renoveren-live-dakkapel-renoveren-breed.webp	726	339	30.7	Dakkapel renovatie met vernieuwde bekleding en dakdetails
dakkapel-renoveren	5	/assets/img/dakkapel-renoveren/dakkapel-renoveren-live-dakkapel-renoveren-detail.webp	451	708	43.1	Detail van dakkapelrenovatie met Keralit afwerking
dakkapel-vervangen	1	/assets/img/dakkapel-vervangen/dakkapel-vervangen-hero.webp	504	650	46.1	Nieuwe dakkapel na complete vervanging
dakkapel-vervangen	2	/assets/img/dakkapel-vervangen/dakkapel-vervangen-renovatie-detail.webp	1100	515	65.9	Dakkapelconstructie beoordelen voor vervanging
dakkapel-vervangen	3	/assets/img/dakkapel-vervangen/dakkapel-vervangen-aansluiting-detail.webp	600	337	45.7	Waterdichte aansluiting bij nieuwe dakkapel
daklood-vervangen	1	/assets/img/daklood-vervangen/daklood-vervangen-live-slechte-staat.webp	1375	635	199.4	Versleten daklood op een hellend pannendak beoordelen voor vervanging
daklood-vervangen	2	/assets/img/daklood-vervangen/daklood-vervangen-live-slechte-staat-detail.webp	713	329	73.4	Detail van verouderd daklood met zichtbare slijtage
daklood-vervangen	3	/assets/img/daklood-vervangen/daklood-vervangen-live-vervangen-detail.webp	1000	944	154.0	Nieuw daklood detail bij een waterdichte dakaansluiting
daklood-vervangen	4	/assets/img/daklood-vervangen/daklood-vervangen-live-vervangen.webp	465	826	41.9	Daklood vervangen met nieuw loodwerk langs dakpannen
daklood-vervangen	5	/assets/img/daklood-vervangen/daklood-vervangen-live-banner.webp	1331	399	50.0	Daklood vervangen bij een dakdetail door Daklekkages Opgelost
dakoverstek-aanbrengen	1	/assets/img/dakoverstek-aanbrengen/dakoverstek-aanbrengen-hero-dakoverstek.webp	600	586	78.6	Dakoverstek aanbrengen aan een hellend dak
dakoverstek-aanbrengen	2	/assets/img/dakoverstek-aanbrengen/dakoverstek-aanbrengen-dakrand-detail.webp	1200	554	99.8	Dakrand detail bij dakoverstek aanbrengen
dakoverstek-aanbrengen	3	/assets/img/dakoverstek-aanbrengen/dakoverstek-aanbrengen-boeiboord-aansluiting.webp	1065	1350	310.5	Boeiboord aansluiting bij nieuw dakoverstek
dakoverstek-renoveren	1	/assets/img/dakoverstek-renoveren/dakoverstek-renoveren-hero-dakoverstek.webp	600	586	78.6	Dakoverstek renoveren met duurzame afwerking
dakoverstek-renoveren	2	/assets/img/dakoverstek-renoveren/dakoverstek-renoveren-dakrand-detail.webp	1200	554	99.8	Dakoverstek renoveren en dakrand controleren
dakoverstek-renoveren	3	/assets/img/dakoverstek-renoveren/dakoverstek-renoveren-boeiboord-aansluiting.webp	1065	1350	310.5	Boeiboord en dakoverstek renoveren
dakoverstek-repareren	1	/assets/img/dakoverstek-repareren/dakoverstek-repareren-hero-dakoverstek.webp	600	586	78.6	Dakoverstek repareren bij schade en houtrot
dakoverstek-repareren	2	/assets/img/dakoverstek-repareren/dakoverstek-repareren-dakrand-detail.webp	1200	554	99.8	Dakoverstek repareren en dakrand controleren
dakoverstek-repareren	3	/assets/img/dakoverstek-repareren/dakoverstek-repareren-boeiboord-aansluiting.webp	1065	1350	310.5	Boeiboord en dakoverstek repareren
dakoverstek-vervangen	1	/assets/img/dakoverstek-vervangen/dakoverstek-vervangen-boeiboord-aansluiting.webp	1065	1350	310.5	Dakoverstek en boeiboord aansluiting beoordelen voor vervanging
dakoverstek-vervangen	2	/assets/img/dakoverstek-vervangen/dakoverstek-vervangen-live-overstek-woning.jpg	1200	900	208.0	Dakoverstek en boeiboord van een woning beoordelen
dakoverstek-vervangen	3	/assets/img/dakoverstek-vervangen/dakoverstek-vervangen-boeiboord-aansluiting.webp	1065	1350	310.5	Boeiboord aansluiting bij dakoverstek vervangen
dakraam-plaatsen	1	/assets/img/dakraam-plaatsen/dakraam-plaatsen-hero.webp	1200	554	112.8	Dakraam plaatsen in bestaand pannendak
dakraam-plaatsen	2	/assets/img/dakraam-plaatsen/dakraam-plaatsen-dakraam-detail.webp	1200	554	148.0	Dakraam netjes geplaatst in pannendak
dakraam-plaatsen	3	/assets/img/dakraam-plaatsen/dakraam-plaatsen-gootstuk-detail.webp	1000	712	16.6	Gootstuk en waterdichte aansluiting bij dakraam plaatsen
dakraam-vervangen	1	/assets/img/dakraam-vervangen/dakraam-vervangen-hero.webp	1200	554	148.0	Dakraam vervangen in bestaand pannendak
dakraam-vervangen	2	/assets/img/dakraam-vervangen/dakraam-vervangen-detail.webp	1200	554	148.0	Oud dakraam vervangen door modern dakraam
dakraam-vervangen	3	/assets/img/dakraam-vervangen/dakraam-vervangen-gootstuk-detail.webp	1000	712	16.6	Gootstuk en aansluiting vernieuwen bij dakraam vervangen
dakraamlood-vervangen	1	/assets/img/dakraamlood-vervangen/dakraamlood-vervangen-live-dakraamlood-vervangen.webp	1299	599	82.2	Dakraamlood vervangen rond een dakraam
dakraamlood-vervangen	2	/assets/img/dakraamlood-vervangen/dakraamlood-vervangen-live-gootstuk.webp	1000	712	16.6	Gootstuk en dakraamlood rondom een dakraam
dakraamlood-vervangen	3	/assets/img/dakraamlood-vervangen/dakraamlood-vervangen-live-met-lekkage.webp	1500	693	90.3	Lekkage rondom dakraam door beschadigde aansluiting
dakraamlood-vervangen	4	/assets/img/dakraamlood-vervangen/dakraamlood-vervangen-live-te-vervangen.webp	1500	692	159.1	Dakraamlood te vervangen door slijtage en veroudering
dakraamlood-vervangen	5	/assets/img/dakraamlood-vervangen/dakraamlood-vervangen-live-banner.webp	2000	660	132.7	Dakraam met loodwerk en waterdichte aansluiting
dakrand-bekleden	1	/assets/img/dakrand-bekleden/dakrand-bekleden-hero-dakrand.webp	600	586	78.6	Dakrand bekleden met onderhoudsarme dakrandafwerking
dakrand-bekleden	2	/assets/img/dakrand-bekleden/dakrand-bekleden-dakrand-detail.webp	1200	554	99.8	Dakrand detail controleren voor bekleding
dakrand-bekleden	3	/assets/img/dakrand-bekleden/dakrand-bekleden-boeiboord-aansluiting.webp	1065	1350	310.5	Dakrand en boeiboord bekleden met onderhoudsarme afwerking
dakrand-renoveren	1	/assets/img/dakrand-renoveren/dakrand-renoveren-hero-dakrand.webp	600	586	78.6	Dakrand renoveren met complete dakrandrenovatie
dakrand-renoveren	2	/assets/img/dakrand-renoveren/dakrand-renoveren-dakrand-detail.webp	1200	554	99.8	Dakrand detail beoordelen voor dakrandrenovatie
dakrand-renoveren	3	/assets/img/dakrand-renoveren/dakrand-renoveren-boeiboord-aansluiting.webp	1065	1350	310.5	Boeiboord en dakrand renoveren
dakrand-repareren	1	/assets/img/dakrand-repareren/dakrand-repareren-hero-dakrand.webp	600	586	78.6	Dakrand repareren bij houtrot of schade
dakrand-repareren	2	/assets/img/dakrand-repareren/dakrand-repareren-dakrand-detail.webp	1200	554	99.8	Dakrand detail inspecteren voor reparatie
dakrand-repareren	3	/assets/img/dakrand-repareren/dakrand-repareren-boeiboord-aansluiting.webp	1065	1350	310.5	Dakrand en boeiboord aansluiting repareren
dakrand-vervangen	1	/assets/img/dakrand-vervangen/dakrand-vervangen-live-dakkapel-dakrand.jpg	720	1280	196.8	Dakrand en boeideel vervangen bij dakkapel aansluiting
dakrand-vervangen	2	/assets/img/dakrand-vervangen/dakrand-vervangen-live-dakkapel-voorbereiding.jpg	720	1280	116.6	Dakkapel en dakrand voorbereid voor nieuwe afwerking
dakrand-vervangen	3	/assets/img/dakrand-vervangen/dakrand-vervangen-live-aansluiting-bovenaanzicht.jpg	720	1280	169.8	Bovenaanzicht van dakrand en dakkapel aansluiting
dakrenovatie	1	/assets/img/dakrenovatie/dakrenovatie-visual-01-dakrenovatie-pannendak-diensten-dakrenovatie.webp	1200	463	97.9	Hellend pannendak beoordelen voor dakrenovatie
dakrenovatie	2	/assets/img/dakrenovatie/dakrenovatie-visual-02-dakrenovatie-pannendak-nodig-diensten-dakrenovatie.webp	1200	1379	324.7	Verouderd pannendak beoordelen voor renovatie
dakrenovatie	3	/assets/img/dakrenovatie/dakrenovatie-visual-03-dakrenovatie-pannendak-nodig-2-diensten-dakrenovatie.webp	116	160	5.5	Dakbeschot en dakopbouw controleren tijdens dakrenovatie
dakventilatie-aanbrengen	1	/assets/img/dakventilatie-aanbrengen/dakventilatie-aanbrengen-hero-dakopbouw.webp	1200	463	97.9	Dakventilatie aanbrengen bij een hellende dakconstructie
dakventilatie-aanbrengen	2	/assets/img/dakventilatie-aanbrengen/dakventilatie-aanbrengen-dakconstructie.webp	1200	1379	324.7	Dakconstructie controleren voor dakventilatie aanbrengen
dakventilatie-aanbrengen	3	/assets/img/dakventilatie-aanbrengen/dakventilatie-aanbrengen-luchtspouw.webp	116	160	5.5	Luchtspouw en dakopbouw controleren bij dakventilatie
dakventilatie-vervangen	1	/assets/img/dakventilatie-vervangen/dakventilatie-vervangen-hero-dakopbouw.webp	1200	463	97.9	Dakventilatie vervangen bij een hellende dakconstructie
dakventilatie-vervangen	2	/assets/img/dakventilatie-vervangen/dakventilatie-vervangen-dakconstructie.webp	1200	1379	324.7	Dakconstructie controleren bij dakventilatie vervangen
dakventilatie-vervangen	3	/assets/img/dakventilatie-vervangen/dakventilatie-vervangen-luchtspouw.webp	116	160	5.5	Luchtspouw controleren bij vervangen van dakventilatie
dakvoet-repareren	1	/assets/img/dakvoet-repareren/dakvoet-repareren-hero-hellend-dak.webp	1200	463	97.9	Dakvoet repareren bij hellend pannendak
dakvoet-repareren	2	/assets/img/dakvoet-repareren/dakvoet-repareren-dakpannen-detail.webp	1200	675	217.0	Dakpannen en dakvoet controleren bij reparatie
dakvoet-repareren	3	/assets/img/dakvoet-repareren/dakvoet-repareren-dakconstructie-detail.webp	1600	739	417.7	Dakconstructie controleren bij dakvoet repareren
dakvoet-vervangen	1	/assets/img/dakvoet-vervangen/dakvoet-vervangen-hero-hellend-dak.webp	1200	463	97.9	Dakvoet vervangen bij hellend pannendak
dakvoet-vervangen	2	/assets/img/dakvoet-vervangen/dakvoet-vervangen-dakpannen-detail.webp	1200	675	217.0	Onderste rij dakpannen controleren bij dakvoet vervangen
dakvoet-vervangen	3	/assets/img/dakvoet-vervangen/dakvoet-vervangen-dakconstructie-detail.webp	1600	739	417.7	Dakconstructie controleren bij dakvoet vervangen
diensten-dakgoot	1	/assets/img/diensten-dakgoot/diensten-dakgoot-visual-01-dakgoot-vervangen.webp	720	436	37.0	Dakgoot werkzaamheden beoordelen door Daklekkages Opgelost
diensten-dakgoot	2	/assets/img/diensten-dakgoot/diensten-dakgoot-visual-02-dakgoot-reinigen.webp	360	208	12.6	Dakgoot werkzaamheden detail en oorzaak beoordelen
diensten-dakgoot	3	/assets/img/diensten-dakgoot/diensten-dakgoot-visual-03-dakgoot-plaatsen.webp	1200	675	193.5	Dakgoot werkzaamheden vakkundig uitgevoerd dakdetail
diensten-dakkapel	1	/assets/img/diensten-dakkapel/diensten-dakkapel-visual-01-dakkapel-renoveren-diensten-dakkapel-renovatie.webp	720	336	29.2	Dakkapel op schuin dak als keuzehulp voor dakkapelrenovatie en loodwerk
diensten-dakkapel	2	/assets/img/diensten-dakkapel/diensten-dakkapel-visual-02-dakkapel-diensten-dakkapel-renovatie-1.webp	1200	561	91.3	Dakkapel op een schuin dak met aandacht voor renovatie en waterdichte aansluitingen
diensten-dakkapel	3	/assets/img/diensten-dakkapel/diensten-dakkapel-visual-03-plat-dak-overlagen-3-diensten-plat-dak-overlagen.webp	1200	510	157.3	Plat dak van een dakkapel waar dakbedekking en aansluitingen worden gecontroleerd
diensten-dakraam	1	/assets/img/diensten-dakraam/diensten-dakraam-visual-01-dakraam-vervangen.webp	1200	554	148.0	Dakraam werkzaamheden beoordelen door Daklekkages Opgelost
diensten-dakraam	2	/assets/img/diensten-dakraam/diensten-dakraam-visual-02-dakraam-plaatsen.webp	1200	554	112.8	Dakraam werkzaamheden detail en oorzaak beoordelen
diensten-dakraam	3	/assets/img/diensten-dakraam/diensten-dakraam-visual-03-dakraamlood-vervangen.webp	1200	554	159.4	Dakraam werkzaamheden vakkundig uitgevoerd dakdetail
diensten-loodafwerkingen	1	/assets/img/diensten-loodafwerkingen/diensten-loodafwerkingen-visual-01-daklood-in-slechte-staat-diensten-daklood-vervangen.webp	1200	554	207.2	Loodafwerkingen kiezen
diensten-loodafwerkingen	2	/assets/img/diensten-loodafwerkingen/diensten-loodafwerkingen-visual-02-dakraamlood-vervangen.webp	1200	554	159.4	Dakraam met loodafwerking waar vervanging van dakraamlood nodig is
diensten-loodafwerkingen	3	/assets/img/diensten-loodafwerkingen/diensten-loodafwerkingen-visual-03-kozijnlood-is-vervangen-diensten-kozijnlood-vervangen.webp	1200	554	69.2	Kozijnlood bij een gevelkozijn als voorbeeld van waterdichte loodafwerking
diensten-plat-dak	1	/assets/img/diensten-plat-dak/diensten-plat-dak-visual-01-daklood-in-slechte-staat-diensten-daklood-vervangen.webp	1200	554	207.2	Slecht daklood als signaal voor controle van plat dak en dakdetails
diensten-plat-dak	2	/assets/img/diensten-plat-dak/diensten-plat-dak-visual-02-reparatie-plat-dak-diensten-reparatie-plat-dak-2.webp	1200	585	178.1	Plat dak met doorvoeren en reparatieplek als keuzehulp voor plat dak herstel
diensten-plat-dak	3	/assets/img/diensten-plat-dak/diensten-plat-dak-visual-03-plat-dak-overlagen-3-diensten-plat-dak-overlagen.webp	1200	510	157.3	Plat dak met bitumen dakbedekking als voorbeeld van overlagen of vervangen
diensten-schoorsteen	1	/assets/img/diensten-schoorsteen/diensten-schoorsteen-visual-01-repareren-metselwerk-diensten-repareren-metselwerk.webp	900	513	79.9	Metselwerk van schoorsteen controleren voor renovatie of reparatie
diensten-schoorsteen	2	/assets/img/diensten-schoorsteen/diensten-schoorsteen-visual-02-schoorsteen-afbreken-diensten-schoorsteen-opnieuw-opmetselen.webp	1200	599	104.8	Schoorsteen in herstel waarbij afbreken of opnieuw opmetselen wordt beoordeeld
diensten-schoorsteen	3	/assets/img/diensten-schoorsteen/diensten-schoorsteen-visual-03-gepleisterde-schoorsteen-diensten-schoorsteen-pleisteren.webp	1200	554	196.7	Gepleisterde schoorsteen met loodafwerking als nette schoorsteenafwerking
diensten-schuin-dak	1	/assets/img/diensten-schuin-dak/diensten-schuin-dak-visual-01-dak-isoleren-pir-diensten-dak-isoleren.webp	1200	675	142.1	Isolatieplaten bij schuin dak als keuzehulp voor dakisolatie en renovatie
diensten-schuin-dak	2	/assets/img/diensten-schuin-dak/diensten-schuin-dak-visual-02-pannendak-reinigen-diensten-pannendak-reinigen.webp	1200	675	217.0	Pannendak met noklijn als voorbeeld van onderhoud aan een schuin dak
diensten-schuin-dak	3	/assets/img/diensten-schuin-dak/diensten-schuin-dak-visual-03-dakgoot-plaatsen.webp	1200	675	193.5	Nieuwe dakgoot langs een schuin dak voor goede waterafvoer
gevelbekleding-aanbrengen	1	/assets/img/gevelbekleding-aanbrengen/gevelbekleding-aanbrengen-hero-gevel.webp	600	586	78.6	Gevelbekleding aanbrengen met duurzame gevelafwerking
gevelbekleding-aanbrengen	2	/assets/img/gevelbekleding-aanbrengen/gevelbekleding-aanbrengen-detail.webp	1200	554	99.8	Gevelconstructie controleren voor gevelbekleding
gevelbekleding-aanbrengen	3	/assets/img/gevelbekleding-aanbrengen/gevelbekleding-aanbrengen-aansluiting.webp	1065	1350	310.5	Aansluiting van gevelbekleding bij dakrand
gevelbekleding-repareren	1	/assets/img/gevelbekleding-repareren/gevelbekleding-repareren-hero-gevel.webp	600	586	78.6	Gevelbekleding repareren en gevelpanelen herstellen
gevelbekleding-repareren	2	/assets/img/gevelbekleding-repareren/gevelbekleding-repareren-detail.webp	1200	554	99.8	Gevelbekleding inspecteren voor reparatie
gevelbekleding-repareren	3	/assets/img/gevelbekleding-repareren/gevelbekleding-repareren-aansluiting.webp	1065	1350	310.5	Aansluiting en achterconstructie controleren bij gevelbekleding reparatie
gevelbekleding-vervangen	1	/assets/img/gevelbekleding-vervangen/gevelbekleding-vervangen-hero-gevel.webp	600	586	78.6	Gevelbekleding vervangen met nieuwe gevelafwerking
gevelbekleding-vervangen	2	/assets/img/gevelbekleding-vervangen/gevelbekleding-vervangen-detail.webp	1200	554	99.8	Achterconstructie controleren bij gevelbekleding vervangen
gevelbekleding-vervangen	3	/assets/img/gevelbekleding-vervangen/gevelbekleding-vervangen-aansluiting.webp	1065	1350	310.5	Gevelbekleding vervangen en aansluitingen afwerken
gratis-dakinspectie	1	/assets/img/gratis-dakinspectie/gratis-dakinspectie-01-dakrenovatie-pannendak-nodig-diensten-dakrenovatie.webp	1391	1600	367.0	Vervallen pannendak
gratis-dakinspectie	2	/assets/img/gratis-dakinspectie/gratis-dakinspectie-01-plat-dak-overlagen-2-diensten-plat-dak-vervangen.webp	2000	924	151.7	Plat dak met mankementen
gratis-dakinspectie	3	/assets/img/gratis-dakinspectie/gratis-dakinspectie-01-nokvorsten-1.webp	620	365	54.6	Sterk verouderde nokvorsten en dakpannen
gratis-dakinspectie	4	/assets/img/gratis-dakinspectie/gratis-dakinspectie-01-dakrenovatie-pannendak-nodig-diensten-dakrenovatie.webp	1391	1600	367.0	Dakinspectie bij pannendak
groendak-aanbrengen	1	/assets/img/groendak-aanbrengen/groendak-aanbrengen-hero-plat-dak.webp	312	349	20.8	Groendak aanbrengen op een plat dak na controle van de dakbedekking
groendak-aanbrengen	2	/assets/img/groendak-aanbrengen/groendak-aanbrengen-dakopbouw.webp	1200	510	157.3	Dakopbouw beoordelen voor groendak of sedumdak
groendak-aanbrengen	3	/assets/img/groendak-aanbrengen/groendak-aanbrengen-dakbedekking-controle.webp	312	349	20.8	Dakbedekking controleren voordat een groendak wordt aangebracht
kilgoot-repareren	1	/assets/img/kilgoot-repareren/kilgoot-repareren-hero-hellend-dak.webp	1200	1600	278.9	Kilgoot repareren op hellend pannendak
kilgoot-repareren	2	/assets/img/kilgoot-repareren/kilgoot-repareren-pannendak-detail.webp	1200	463	97.9	Pannendak en kilconstructie controleren bij kilgoot repareren
kilgoot-repareren	3	/assets/img/kilgoot-repareren/kilgoot-repareren-waterafvoer-detail.webp	843	1498	178.3	Waterafvoer in kilgoot controleren bij reparatie
kilgoot-vervangen	1	/assets/img/kilgoot-vervangen/kilgoot-vervangen-hero-hellend-dak.webp	1200	1600	278.9	Kilgoot vervangen op hellend pannendak
kilgoot-vervangen	2	/assets/img/kilgoot-vervangen/kilgoot-vervangen-pannendak-detail.webp	1200	463	97.9	Pannendak en kilconstructie controleren bij kilgoot vervangen
kilgoot-vervangen	3	/assets/img/kilgoot-vervangen/kilgoot-vervangen-waterafvoer-detail.webp	843	1498	178.3	Waterafvoer in kilgoot controleren bij vervangen
kozijnlood-vervangen	1	/assets/img/kozijnlood-vervangen/kozijnlood-vervangen-live-vervangen.webp	1445	600	73.8	Kozijnlood vervangen boven een kozijn in een gemetselde gevel
kozijnlood-vervangen	2	/assets/img/kozijnlood-vervangen/kozijnlood-vervangen-live-is-vervangen.webp	866	400	24.3	Nieuw kozijnlood aangebracht boven een kozijn
kozijnlood-vervangen	3	/assets/img/kozijnlood-vervangen/kozijnlood-vervangen-live-is-vervangen-detail.webp	743	349	11.4	Detail van vervangen kozijnlood in de gevel
kozijnlood-vervangen	4	/assets/img/kozijnlood-vervangen/kozijnlood-vervangen-live-vervangen.webp	1445	600	73.8	Kozijnlood vervangen bij gevel en kozijn
lichtkoepel-plaatsen	1	/assets/img/lichtkoepel-plaatsen/lichtkoepel-plaatsen-hero-plat-dak.webp	600	586	78.6	Lichtkoepel plaatsen op plat dak met waterdichte opstand
lichtkoepel-plaatsen	2	/assets/img/lichtkoepel-plaatsen/lichtkoepel-plaatsen-opstand-detail.webp	1200	554	99.8	Opstand voorbereiden voor lichtkoepel op plat dak
lichtkoepel-plaatsen	3	/assets/img/lichtkoepel-plaatsen/lichtkoepel-plaatsen-aansluiting-detail.webp	1200	706	254.6	Waterdichte aansluiting rond lichtkoepel op plat dak
lichtkoepel-vervangen	1	/assets/img/lichtkoepel-vervangen/lichtkoepel-vervangen-hero-plat-dak.webp	600	586	78.6	Lichtkoepel vervangen op plat dak met waterdichte dakopstand
lichtkoepel-vervangen	2	/assets/img/lichtkoepel-vervangen/lichtkoepel-vervangen-opstand-detail.webp	1200	554	99.8	Opstand en dakbedekking controleren bij lichtkoepel vervangen
lichtkoepel-vervangen	3	/assets/img/lichtkoepel-vervangen/lichtkoepel-vervangen-aansluiting-detail.webp	1200	706	254.6	Aansluiting rondom lichtkoepel op plat dak controleren
lood-rond-dakdoorvoer-vervangen	1	/assets/img/lood-rond-dakdoorvoer-vervangen/lood-rond-dakdoorvoer-vervangen-hero-detail.webp	713	329	73.4	Lood rond dakdoorvoer vervangen op hellend dak
lood-rond-dakdoorvoer-vervangen	2	/assets/img/lood-rond-dakdoorvoer-vervangen/lood-rond-dakdoorvoer-vervangen-aansluiting-detail.webp	1500	693	90.3	Dakdoorvoer en loodaansluiting controleren
lood-rond-dakdoorvoer-vervangen	3	/assets/img/lood-rond-dakdoorvoer-vervangen/lood-rond-dakdoorvoer-vervangen-loodwerk-detail.webp	1000	944	154.0	Nieuw loodwerk rond dakdoorvoer aanbrengen
metselwerk-repareren	1	/assets/img/metselwerk-repareren/metselwerk-repareren-visual-01-gebroken-metselwerk-diensten-repareren-metselwerk.webp	1200	554	199.2	Gescheurd metselwerk in schoorsteen of gevel beoordelen voor reparatie
metselwerk-repareren	2	/assets/img/metselwerk-repareren/metselwerk-repareren-visual-02-gebroken-metselwerk-2-diensten-repareren-metselwerk.webp	1200	554	244.9	Gebroken steen in metselwerk herstellen zonder omliggende schade
metselwerk-repareren	3	/assets/img/metselwerk-repareren/metselwerk-repareren-visual-03-repareren-metselwerk-diensten-repareren-metselwerk-1.webp	500	462	43.2	Metselwerk van schoorsteen herstellen met nieuwe steen en voegwerk
nokrenovatie	1	/assets/img/nokrenovatie/nokrenovatie-visual-01-nokvorsten-renoveren-diensten-nokvorstrenovatie-1.webp	1200	1145	201.4	Nokvorsten op hellend dak beoordelen voor nokrenovatie
nokrenovatie	2	/assets/img/nokrenovatie/nokrenovatie-visual-02-nokvorsten-vervangen-diensten-nokvorstrenovatie-1.webp	450	198	15.6	Nokvorsten vervangen bij nokrenovatie op hellend dak
nokrenovatie	3	/assets/img/nokrenovatie/nokrenovatie-visual-03-versleten-nokvorsten-herkennen-diensten-nokvorstrenovatie-1.webp	924	2000	261.1	Versleten nokvorsten herkennen bij hellend dak
noodreparatie	1	/assets/img/noodreparatie/noodreparatie-01-noodreparatie-schoorsteen-lekkage.webp	840	861	122.6	Noodreparatie bij schoorsteenlekkage
noodreparatie	2	/assets/img/noodreparatie/noodreparatie-01-tijdelijke-oplossing-die-het-probleem-verergerde.webp	1600	1313	334.1	Noodreparatie op het dak waarbij tijdelijke afdichting vervolgschade moet beperken
noodreparatie	3	/assets/img/noodreparatie/noodreparatie-01-schoorsteen-renoveren-in-velddriel.webp	1152	1145	123.3	Dakwerker bij inspectie en herstel van acute dakschade
plat-dak-overlagen	1	/assets/img/plat-dak-overlagen/plat-dak-overlagen-visual-01-plat-dak-overlagen-diensten-plat-dak-overlagen.webp	1200	675	131.7	Bitumen plat dak beoordelen voor overlagen
plat-dak-overlagen	2	/assets/img/plat-dak-overlagen/plat-dak-overlagen-visual-02-plat-dak-overlagen-diensten-plat-dak-vervangen.webp	1200	554	93.4	Verouderd plat dak beoordelen voor overlagen of vervangen
plat-dak-overlagen	3	/assets/img/plat-dak-overlagen/plat-dak-overlagen-visual-03-plat-dak-overlagen-1-diensten-plat-dak-overlagen-1.webp	600	360	36.4	Nieuwe bitumenlaag op plat dak aanbrengen bij overlagen
plat-dak-reparatie	1	/assets/img/plat-dak-reparatie/plat-dak-reparatie-live-reparatie.webp	1200	706	254.6	Plat dak reparatie aan dakbedekking
plat-dak-reparatie	2	/assets/img/plat-dak-reparatie/plat-dak-reparatie-live-lekkage.webp	600	586	78.6	Lekkage aan een plat dak beoordelen
plat-dak-reparatie	3	/assets/img/plat-dak-reparatie/plat-dak-reparatie-live-overlagen.webp	1200	554	93.4	Plat dak overlagen als alternatief voor reparatie
plat-dak-vervangen	1	/assets/img/plat-dak-vervangen/plat-dak-vervangen-live-overlagen.webp	1200	554	93.4	Plat dak vervangen met bitumineuze dakbedekking
plat-dak-vervangen	2	/assets/img/plat-dak-vervangen/plat-dak-vervangen-live-detail.webp	1200	554	99.8	Detail van plat dak vervangen en nieuwe daklaag
plat-dak-vervangen	3	/assets/img/plat-dak-vervangen/plat-dak-vervangen-live-plat-dak.webp	312	349	20.8	Plat dak dat technisch beoordeeld wordt voor vervanging
pleisteren	1	/assets/img/pleisteren/pleisteren-visual-01-gepleisterde-schoorsteen-diensten-schoorsteen-pleisteren.webp	1137	525	127.8	Gepleisterde schoorsteen met vernieuwd stucwerk
pleisteren	2	/assets/img/pleisteren/pleisteren-visual-02-te-pleisteren-schoorsteen-diensten-schoorsteen-pleisteren.webp	1200	1131	367.6	Schoorsteen voorbereiden voor nieuw pleisterwerk
pleisteren	3	/assets/img/pleisteren/pleisteren-visual-03-pleisteren-schoorsteen-diensten-schoorsteen-pleisteren.webp	1200	1535	371.5	Schoorsteen opnieuw pleisteren met duurzame afwerking
rapportage-dakinspectie	1	/assets/img/rapportage-dakinspectie/rapportage-dakinspectie-01-rapportage-dakinspectie-daklekkages-opgelost.webp	1940	1208	170.4	Voorbeeldrapport: rapportage dakinspectie zoals je deze ontvangt
rapportage-dakinspectie	2	/assets/img/rapportage-dakinspectie/rapportage-dakinspectie-01-tijd-tussen-oorzaak-en-gevolg-bij-daklekkage.webp	1600	1200	178.9	Tijd tussen oorzaak en gevolg bij daklekkage: waarom onderbouwing belangrijk is
rapportage-dakinspectie	3	/assets/img/rapportage-dakinspectie/rapportage-dakinspectie-01-twijfel-en-onduidelijkheden-aanleiding-voor-dakinspect.webp	820	564	60.3	Dakinspectie met rapportage voor duidelijke beoordeling van lekkage en dakschade
schoorsteen-afdekken	1	/assets/img/schoorsteen-afdekken/schoorsteen-afdekken-hero-schoorsteen.webp	1200	900	142.5	Schoorsteen afdekken op een hellend dak
schoorsteen-afdekken	2	/assets/img/schoorsteen-afdekken/schoorsteen-afdekken-schoorsteenkop-detail.webp	400	389	31.9	Schoorsteenkop controleren voor schoorsteen afdekken
schoorsteen-opnieuw-opmetselen	1	/assets/img/schoorsteen-opnieuw-opmetselen/schoorsteen-opnieuw-opmetselen-visual-01-schoorsteen-opnieuw-opmetselen-diensten-schoorsteen-opnieuw-opmetselen.webp	400	389	31.9	Schoorsteen opnieuw opmetselen bij beschadigd metselwerk
schoorsteen-opnieuw-opmetselen	2	/assets/img/schoorsteen-opnieuw-opmetselen/schoorsteen-opnieuw-opmetselen-visual-02-schoorsteen-opnieuw-opmetselen2-diensten-schoorsteen-opnieuw-opmetsele.webp	1200	1272	206.7	Beschadigde schoorsteen beoordelen voor opnieuw opmetselen
schoorsteen-opnieuw-opmetselen	3	/assets/img/schoorsteen-opnieuw-opmetselen/schoorsteen-opnieuw-opmetselen-visual-03-schoorsteen-afbreken-diensten-schoorsteen-opnieuw-opmetselen.webp	1200	599	104.8	Schoorsteen afbreken en opnieuw opmetselen
schoorsteen-verwijderen	1	/assets/img/schoorsteen-verwijderen/schoorsteen-verwijderen-visual-01-lekkage-schoorsteen-diensten-schoorsteen-verwijderen.webp	300	400	14.0	Lekkende schoorsteen beoordelen voor verwijderen
schoorsteen-verwijderen	2	/assets/img/schoorsteen-verwijderen/schoorsteen-verwijderen-visual-02-schoorsteen-renoveren-diensten-schoorsteenrenovatie.webp	1200	628	187.6	Schoorsteen inspecteren voor renovatie of verwijderen
schoorsteenkap-plaatsen	1	/assets/img/schoorsteenkap-plaatsen/schoorsteenkap-plaatsen-hero-schoorsteen.webp	1200	900	142.5	Schoorsteenkap plaatsen op gemetselde schoorsteen
schoorsteenkap-plaatsen	2	/assets/img/schoorsteenkap-plaatsen/schoorsteenkap-plaatsen-schoorsteenkop-detail.webp	400	389	31.9	Schoorsteenkop controleren voor schoorsteenkap plaatsen
schoorsteenkap-plaatsen	3	/assets/img/schoorsteenkap-plaatsen/schoorsteenkap-plaatsen-afwerking-detail.webp	700	700	19.3	Afwerking van schoorsteen controleren bij schoorsteenkap plaatsen
schoorsteenkap-vervangen	1	/assets/img/schoorsteenkap-vervangen/schoorsteenkap-vervangen-hero-schoorsteen.webp	1200	900	142.5	Schoorsteenkap vervangen op gemetselde schoorsteen
schoorsteenkap-vervangen	2	/assets/img/schoorsteenkap-vervangen/schoorsteenkap-vervangen-schoorsteenkop-detail.webp	400	389	31.9	Schoorsteenkop controleren bij schoorsteenkap vervangen
schoorsteenkap-vervangen	3	/assets/img/schoorsteenkap-vervangen/schoorsteenkap-vervangen-afwerking-detail.webp	700	700	19.3	Schoorsteen afwerking controleren bij schoorsteenkap vervangen
schoorsteenlood-spouw-vervangen	1	/assets/img/schoorsteenlood-spouw-vervangen/schoorsteenlood-spouw-vervangen-live-uitvoering.webp	1200	675	219.9	Schoorsteenlood tot in de spouw vervangen bij een schoorsteen
schoorsteenlood-spouw-vervangen	2	/assets/img/schoorsteenlood-spouw-vervangen/schoorsteenlood-spouw-vervangen-live-spouwlood.webp	400	418	36.9	Schoorsteenlood spouwdetail bij schoorsteen
schoorsteenlood-spouw-vervangen	3	/assets/img/schoorsteenlood-spouw-vervangen/schoorsteenlood-spouw-vervangen-live-detail.webp	1200	675	207.6	Detail van vervangen schoorsteenlood tot in de spouw
schoorsteenlood-vervangen	1	/assets/img/schoorsteenlood-vervangen/schoorsteenlood-vervangen-live-oud-lood.webp	1200	675	245.5	Oud schoorsteenlood beoordelen voor vervanging
schoorsteenlood-vervangen	2	/assets/img/schoorsteenlood-vervangen/schoorsteenlood-vervangen-live-vervangen.webp	400	711	33.5	Nieuw schoorsteenlood vervangen en strak afgewerkt
schoorsteenrenovatie	1	/assets/img/schoorsteenrenovatie/schoorsteenrenovatie-visual-01-schoorsteenlekkage-diensten-schoorsteenrenovatie-1.webp	1200	900	142.5	Schoorsteenrenovatie bij lekkende schoorsteen
schoorsteenrenovatie	2	/assets/img/schoorsteenrenovatie/schoorsteenrenovatie-visual-02-schoorsteen-opnieuw-opmetselen-diensten-schoorsteen-opnieuw-opmetselen.webp	400	389	31.9	Schoorsteenrenovatie met herstel van metselwerk
schoorsteenrenovatie	3	/assets/img/schoorsteenrenovatie/schoorsteenrenovatie-visual-03-schoorsteen-renoveren-nokschoorsteen.webp	700	700	19.3	Gerenoveerde schoorsteen op hellend dak
spoedreparatie	1	/assets/img/spoedreparatie/spoedreparatie-01-noodreparatie-schoorsteen-lekkage.webp	840	861	122.6	Spoedreparatie dak bij actieve lekkage
spoedreparatie	2	/assets/img/spoedreparatie/spoedreparatie-01-tijdelijke-oplossing-die-het-probleem-verergerde.webp	1600	1313	334.1	Snelle beoordeling van acute dakschade en daklekkage
spoedreparatie	3	/assets/img/spoedreparatie/spoedreparatie-01-schoorsteen-renoveren-in-velddriel.webp	1152	1145	123.3	Dakwerker bij spoedreparatie en inspectie van daklekkage
trapsgewijs-lood-vervangen	1	/assets/img/trapsgewijs-lood-vervangen/trapsgewijs-lood-vervangen-live-loodloketten.webp	1200	534	161.9	Trapsgewijs lood en loodloketten bij een gevelaansluiting
trapsgewijs-lood-vervangen	2	/assets/img/trapsgewijs-lood-vervangen/trapsgewijs-lood-vervangen-live-te-vervangen.webp	1200	1460	272.7	Versleten trapsgewijs lood dat vervangen moet worden
trapsgewijs-lood-vervangen	3	/assets/img/trapsgewijs-lood-vervangen/trapsgewijs-lood-vervangen-live-vervangen.webp	400	485	47.6	Nieuw trapsgewijs lood vervangen bij een gevel
vogelschroot-aanbrengen	1	/assets/img/vogelschroot-aanbrengen/vogelschroot-aanbrengen-hero-dakvoet.webp	1200	463	97.9	Vogelschroot aanbrengen onder dakpannen bij de dakvoet
vogelschroot-aanbrengen	2	/assets/img/vogelschroot-aanbrengen/vogelschroot-aanbrengen-dakconstructie.webp	1200	1379	324.7	Dakvoet en eerste panlat controleren voor vogelschroot aanbrengen
vogelschroot-aanbrengen	3	/assets/img/vogelschroot-aanbrengen/vogelschroot-aanbrengen-dakvoet-detail.webp	116	160	5.5	Dakvoetdetail controleren bij vogelschroot onder dakpannen
vogelschroot-vervangen	1	/assets/img/vogelschroot-vervangen/vogelschroot-vervangen-hero-dakvoet.webp	1200	463	97.9	Vogelschroot vervangen onder dakpannen bij de dakvoet
vogelschroot-vervangen	2	/assets/img/vogelschroot-vervangen/vogelschroot-vervangen-dakconstructie.webp	1200	1379	324.7	Dakvoet en eerste panlat controleren bij vogelschroot vervangen
vogelschroot-vervangen	3	/assets/img/vogelschroot-vervangen/vogelschroot-vervangen-dakvoet-detail.webp	116	160	5.5	Dakvoetdetail controleren bij vervangen van vogelschroot
windveer-aanbrengen	1	/assets/img/windveer-aanbrengen/windveer-aanbrengen-hero-dakrand.webp	1065	1350	310.5	Windveer aanbrengen op een hellend dak
windveer-aanbrengen	2	/assets/img/windveer-aanbrengen/windveer-aanbrengen-dakrand-detail.webp	1200	554	99.8	Schuine dakrand voorbereiden voor windveer aanbrengen
windveer-aanbrengen	3	/assets/img/windveer-aanbrengen/windveer-aanbrengen-dakgoot-detail.webp	843	1498	178.3	Windveer aanbrengen bij dakrand en dakgoot
windveer-repareren	1	/assets/img/windveer-repareren/windveer-repareren-hero-dakrand.webp	1065	1350	310.5	Windveer repareren aan een schuine dakrand
windveer-repareren	2	/assets/img/windveer-repareren/windveer-repareren-dakrand-detail.webp	1200	554	99.8	Schuine dakrand inspecteren bij windveer reparatie
windveer-repareren	3	/assets/img/windveer-repareren/windveer-repareren-dakgoot-detail.webp	843	1498	178.3	Windveer repareren bij dakrand en dakgoot
windveer-vervangen	1	/assets/img/windveer-vervangen/windveer-vervangen-hero-dakrand.webp	1065	1350	310.5	Windveer vervangen aan een schuine dakrand
windveer-vervangen	2	/assets/img/windveer-vervangen/windveer-vervangen-dakrand-detail.webp	1200	554	99.8	Schuine dakrand controleren voor windveer vervangen
windveer-vervangen	3	/assets/img/windveer-vervangen/windveer-vervangen-dakgoot-detail.webp	843	1498	178.3	Windveer en dakrand detail bij hellend dak
