slug	order	role	dim	size	src
boeideel-bekleden	1	hero	1065x1350	317994	/assets/img/boeideel-bekleden/boeideel-bekleden-hero-dakrand.webp
boeideel-bekleden	2	image	1200x554	102156	/assets/img/boeideel-bekleden/boeideel-bekleden-dakrand-detail.webp
boeideel-bekleden	3	image	843x1498	182566	/assets/img/boeideel-bekleden/boeideel-bekleden-dakgoot-detail.webp
boeideel-repareren	1	hero	1065x1350	317994	/assets/img/boeideel-repareren/boeideel-repareren-hero-dakrand.webp
boeideel-repareren	2	image	1200x554	102156	/assets/img/boeideel-repareren/boeideel-repareren-dakrand-detail.webp
boeideel-repareren	3	image	843x1498	182566	/assets/img/boeideel-repareren/boeideel-repareren-dakgoot-detail.webp
boeideel-vervangen	1	hero	1065x1350	317994	/assets/img/boeideel-vervangen/boeideel-vervangen-hero-dakrand.webp
boeideel-vervangen	2	image	720x1280	119366	/assets/img/boeideel-vervangen/boeideel-vervangen-live-open-dakkapel-aansluiting.jpg
boeideel-vervangen	3	image	720x1280	201515	/assets/img/boeideel-vervangen/boeideel-vervangen-live-afgewerkte-dakrand.jpg
dak-isoleren	1	hero	900x692	101680	/assets/img/dak-isoleren/dak-isoleren-visual-01-dak-isoleren-diensten-dak-isoleren-1.webp
dak-isoleren	2	image	1200x675	145478	/assets/img/dak-isoleren/dak-isoleren-visual-02-dak-isoleren-pir-diensten-dak-isoleren.webp
dak-isoleren	3	image	720x570	119263	/assets/img/dak-isoleren/dak-isoleren-live-pir-dakrenovatie-zonder-ladderpersoon.jpg
dak-reinigen	1	hero	441x402	51402	/assets/img/dak-reinigen/dak-reinigen-visual-03-vervuild-dak-diensten-dak-reinigen.webp
dak-reinigen	2	image	1200x675	191094	/assets/img/dak-reinigen/dak-reinigen-visual-02-dak-reinigen-diensten-dak-reinigen.webp
dak-reinigen	3	image	313x349	24088	/assets/img/dak-reinigen/dak-reinigen-visual-01-te-renoveren-nok-diensten-nokvorstrenovatie.webp
dakbeschot-aanbrengen	1	hero	1200x463	100266	/assets/img/dakbeschot-aanbrengen/dakbeschot-aanbrengen-hero-dakbeschot.webp
dakbeschot-aanbrengen	2	image	1200x1379	332512	/assets/img/dakbeschot-aanbrengen/dakbeschot-aanbrengen-dakconstructie.webp
dakbeschot-aanbrengen	3	image	1200x800	162171	/assets/img/dakbeschot-aanbrengen/dakbeschot-aanbrengen-live-nieuw-dakbeschot.jpg
dakbeschot-plat-dak-repareren	1	hero	1200x554	95624	/assets/img/dakbeschot-plat-dak-repareren/dakbeschot-plat-dak-repareren-hero-bitumen.webp
dakbeschot-plat-dak-repareren	2	image	1200x554	102156	/assets/img/dakbeschot-plat-dak-repareren/dakbeschot-plat-dak-repareren-bitumen-detail.webp
dakbeschot-plat-dak-repareren	3	image	312x349	21338	/assets/img/dakbeschot-plat-dak-repareren/dakbeschot-plat-dak-repareren-plat-dak.webp
dakbeschot-plat-dak-vervangen	1	hero	1200x554	95624	/assets/img/dakbeschot-plat-dak-vervangen/dakbeschot-plat-dak-vervangen-hero-bitumen.webp
dakbeschot-plat-dak-vervangen	2	image	1200x800	282565	/assets/img/dakbeschot-plat-dak-vervangen/dakbeschot-plat-dak-vervangen-live-houtrot-voor.jpg
dakbeschot-plat-dak-vervangen	3	image	1200x800	315989	/assets/img/dakbeschot-plat-dak-vervangen/dakbeschot-plat-dak-vervangen-live-nieuw-dakbeschot-na.jpg
dakbeschot-repareren	1	hero	1200x463	100266	/assets/img/dakbeschot-repareren/dakbeschot-repareren-hero-dakbeschot.webp
dakbeschot-repareren	2	image	1200x1379	332512	/assets/img/dakbeschot-repareren/dakbeschot-repareren-dakconstructie.webp
dakbeschot-repareren	3	image	116x160	5602	/assets/img/dakbeschot-repareren/dakbeschot-repareren-dakopbouw.webp
dakbeschot-vervangen	1	hero	1200x463	100266	/assets/img/dakbeschot-vervangen/dakbeschot-vervangen-hero-dakbeschot.webp
dakbeschot-vervangen	2	image	1200x1379	332512	/assets/img/dakbeschot-vervangen/dakbeschot-vervangen-dakconstructie.webp
dakconstructie-repareren	1	hero	1200x1379	332512	/assets/img/dakconstructie-repareren/dakconstructie-repareren-hero-constructie.webp
dakconstructie-repareren	2	image	1200x800	162888	/assets/img/dakconstructie-repareren/dakconstructie-repareren-live-houtrot-spant.jpg
dakconstructie-verstevigen	1	hero	1200x1379	332512	/assets/img/dakconstructie-verstevigen/dakconstructie-verstevigen-hero-constructie.webp
dakconstructie-verstevigen	2	image	1200x800	179122	/assets/img/dakconstructie-verstevigen/dakconstructie-verstevigen-live-open-kapconstructie.jpg
dakconstructie-verstevigen	3	image	1200x800	155136	/assets/img/dakconstructie-verstevigen/dakconstructie-verstevigen-live-nieuwe-kapconstructie.jpg
dakconstructie-vervangen	1	hero	1200x1379	332512	/assets/img/dakconstructie-vervangen/dakconstructie-vervangen-hero-constructie.webp
dakconstructie-vervangen	2	image	1200x800	142196	/assets/img/dakconstructie-vervangen/dakconstructie-vervangen-live-open-kap-buitenzijde.jpg
dakconstructie-vervangen	3	image	1200x800	186020	/assets/img/dakconstructie-vervangen/dakconstructie-vervangen-live-nieuwe-kapconstructie.jpg
dakdoorvoer-aanbrengen	1	hero	713x329	75134	/assets/img/dakdoorvoer-aanbrengen/dakdoorvoer-aanbrengen-hero-detail.webp
dakdoorvoer-aanbrengen	2	image	1200x1600	285550	/assets/img/dakdoorvoer-aanbrengen/dakdoorvoer-aanbrengen-hellend-dak.webp
dakdoorvoer-aanbrengen	3	image	1500x693	92478	/assets/img/dakdoorvoer-aanbrengen/dakdoorvoer-aanbrengen-aansluiting-detail.webp
dakdoorvoer-repareren	1	hero	713x329	75134	/assets/img/dakdoorvoer-repareren/dakdoorvoer-repareren-hero-detail.webp
dakdoorvoer-repareren	2	image	1200x1600	285550	/assets/img/dakdoorvoer-repareren/dakdoorvoer-repareren-hellend-dak.webp
dakdoorvoer-repareren	3	image	1500x693	92478	/assets/img/dakdoorvoer-repareren/dakdoorvoer-repareren-aansluiting-detail.webp
dakdoorvoer-vervangen	1	hero	713x329	75134	/assets/img/dakdoorvoer-vervangen/dakdoorvoer-vervangen-hero-detail.webp
dakdoorvoer-vervangen	2	image	1500x693	92478	/assets/img/dakdoorvoer-vervangen/dakdoorvoer-vervangen-aansluiting-detail.webp
dakdoorvoer-vervangen	3	image	1200x1600	285550	/assets/img/dakdoorvoer-vervangen/dakdoorvoer-vervangen-hellend-dak.webp
dakgoot-bladwering-plaatsen	1	hero	1500x693	253264	/assets/img/dakgoot-bladwering-plaatsen/dakgoot-bladwering-plaatsen-hero-vervuilde-dakgoot.webp
dakgoot-bladwering-plaatsen	2	image	360x208	12910	/assets/img/dakgoot-bladwering-plaatsen/dakgoot-bladwering-plaatsen-reinigen-detail.webp
dakgoot-bladwering-plaatsen	3	image	843x1498	182566	/assets/img/dakgoot-bladwering-plaatsen/dakgoot-bladwering-plaatsen-goot-detail.webp
dakgoot-vervangen	1	hero	1400x788	60434	/assets/img/dakgoot-vervangen/dakgoot-vervangen-live-banner.webp
dakgoot-vervangen	2	image	1500x693	253264	/assets/img/dakgoot-vervangen/dakgoot-vervangen-live-dakgoot-vervuild.webp
dakgoot-vervangen	3	image	1065x1350	317994	/assets/img/dakgoot-vervangen/dakgoot-vervangen-live-dakgoot-te-vervangen.webp
dakgoot-vervangen	4	image	1050x590	106572	/assets/img/dakgoot-vervangen/dakgoot-vervangen-live-zinken-dakgoot-vervangen.webp
dakgoot-vervangen	5	image	843x1498	182566	/assets/img/dakgoot-vervangen/dakgoot-vervangen-live-zinken-dakgoot-vervangen-detail.webp
dakgrind-aanbrengen	1	hero	312x349	21338	/assets/img/dakgrind-aanbrengen/dakgrind-aanbrengen-hero-plat-dak.webp
dakgrind-aanbrengen	2	image	1200x510	161092	/assets/img/dakgrind-aanbrengen/dakgrind-aanbrengen-ballast-plat-dak.webp
dakgrind-aanbrengen	3	image	1200x554	102156	/assets/img/dakgrind-aanbrengen/dakgrind-aanbrengen-dakbedekking-detail.webp
dakgrind-reinigen	1	hero	312x349	21338	/assets/img/dakgrind-reinigen/dakgrind-reinigen-hero-plat-dak.webp
dakgrind-reinigen	2	image	1200x510	161092	/assets/img/dakgrind-reinigen/dakgrind-reinigen-ballast-plat-dak.webp
dakgrind-reinigen	3	image	1200x554	102156	/assets/img/dakgrind-reinigen/dakgrind-reinigen-dakbedekking-detail.webp
dakgrind-verwijderen	1	hero	312x349	21338	/assets/img/dakgrind-verwijderen/dakgrind-verwijderen-hero-plat-dak.webp
dakgrind-verwijderen	2	image	1200x554	102156	/assets/img/dakgrind-verwijderen/dakgrind-verwijderen-dakbedekking-detail.webp
dakgrind-verwijderen	3	image	1200x510	161092	/assets/img/dakgrind-verwijderen/dakgrind-verwijderen-ballast-plat-dak.webp
dakinspectie	1	hero	1391x1600	375800	/assets/img/gratis-dakinspectie/gratis-dakinspectie-01-dakrenovatie-pannendak-nodig-diensten-dakrenovatie.webp
dakinspectie	2	image	2000x924	155322	/assets/img/gratis-dakinspectie/gratis-dakinspectie-01-plat-dak-overlagen-2-diensten-plat-dak-vervangen.webp
dakinspectie	3	image	620x365	55930	/assets/img/gratis-dakinspectie/gratis-dakinspectie-01-nokvorsten-1.webp
dakinspectie	4	image	1391x1600	375800	/assets/img/gratis-dakinspectie/gratis-dakinspectie-01-dakrenovatie-pannendak-nodig-diensten-dakrenovatie.webp
dakkapel-lood-vervangen	1	hero	600x337	46790	/assets/img/dakkapel-lood-vervangen/dakkapel-lood-vervangen-live-dakkapel-informatiepagina.webp
dakkapel-lood-vervangen	2	image	285x133	9510	/assets/img/dakkapel-lood-vervangen/dakkapel-lood-vervangen-live-dakkapel-renovatie.webp
dakkapel-lood-vervangen	3	image	116x206	6136	/assets/img/dakkapel-lood-vervangen/dakkapel-lood-vervangen-live-lood-vervangen.webp
dakkapel-lood-vervangen	4	image	141x250	7114	/assets/img/dakkapel-lood-vervangen/dakkapel-lood-vervangen-live-onder-trespa.webp
dakkapel-lood-vervangen	5	image	225x400	19136	/assets/img/dakkapel-lood-vervangen/dakkapel-lood-vervangen-live-kosten.webp
dakkapel-plaatsen	1	hero	1200x561	93528	/assets/img/dakkapel-plaatsen/dakkapel-plaatsen-hero.webp
dakkapel-plaatsen	2	image	504x650	47206	/assets/img/dakkapel-plaatsen/dakkapel-plaatsen-nieuwe-dakkapel.webp
dakkapel-plaatsen	3	image	600x337	46790	/assets/img/dakkapel-plaatsen/dakkapel-plaatsen-aansluiting-detail.webp
dakkapel-renoveren	1	hero	1400x327	59834	/assets/img/dakkapel-renoveren/dakkapel-renoveren-live-banner.webp
dakkapel-renoveren	2	image	1100x515	67516	/assets/img/dakkapel-renoveren/dakkapel-renoveren-live-dakkapel-voor-renovatie.webp
dakkapel-renoveren	3	image	504x650	47206	/assets/img/dakkapel-renoveren/dakkapel-renoveren-live-dakkapel-gerenoveerd.webp
dakkapel-renoveren	4	image	726x339	31396	/assets/img/dakkapel-renoveren/dakkapel-renoveren-live-dakkapel-renoveren-breed.webp
dakkapel-renoveren	5	image	451x708	44146	/assets/img/dakkapel-renoveren/dakkapel-renoveren-live-dakkapel-renoveren-detail.webp
dakkapel-vervangen	1	hero	504x650	47206	/assets/img/dakkapel-vervangen/dakkapel-vervangen-hero.webp
dakkapel-vervangen	2	image	1100x515	67516	/assets/img/dakkapel-vervangen/dakkapel-vervangen-renovatie-detail.webp
dakkapel-vervangen	3	image	600x337	46790	/assets/img/dakkapel-vervangen/dakkapel-vervangen-aansluiting-detail.webp
daklood-vervangen	1	hero	1375x635	204140	/assets/img/daklood-vervangen/daklood-vervangen-live-slechte-staat.webp
daklood-vervangen	2	strip	713x329	75134	/assets/img/daklood-vervangen/daklood-vervangen-live-slechte-staat-detail.webp
daklood-vervangen	3	strip	1000x944	157740	/assets/img/daklood-vervangen/daklood-vervangen-live-vervangen-detail.webp
daklood-vervangen	4	strip	465x826	42862	/assets/img/daklood-vervangen/daklood-vervangen-live-vervangen.webp
daklood-vervangen	5	strip	1331x399	51220	/assets/img/daklood-vervangen/daklood-vervangen-live-banner.webp
dakoverstek-aanbrengen	1	hero	600x586	80520	/assets/img/dakoverstek-aanbrengen/dakoverstek-aanbrengen-hero-dakoverstek.webp
dakoverstek-aanbrengen	2	image	1200x554	102156	/assets/img/dakoverstek-aanbrengen/dakoverstek-aanbrengen-dakrand-detail.webp
dakoverstek-aanbrengen	3	image	1065x1350	317994	/assets/img/dakoverstek-aanbrengen/dakoverstek-aanbrengen-boeiboord-aansluiting.webp
dakoverstek-renoveren	1	hero	600x586	80520	/assets/img/dakoverstek-renoveren/dakoverstek-renoveren-hero-dakoverstek.webp
dakoverstek-renoveren	2	image	1200x554	102156	/assets/img/dakoverstek-renoveren/dakoverstek-renoveren-dakrand-detail.webp
dakoverstek-renoveren	3	image	1065x1350	317994	/assets/img/dakoverstek-renoveren/dakoverstek-renoveren-boeiboord-aansluiting.webp
dakoverstek-repareren	1	hero	600x586	80520	/assets/img/dakoverstek-repareren/dakoverstek-repareren-hero-dakoverstek.webp
dakoverstek-repareren	2	image	1200x554	102156	/assets/img/dakoverstek-repareren/dakoverstek-repareren-dakrand-detail.webp
dakoverstek-repareren	3	image	1065x1350	317994	/assets/img/dakoverstek-repareren/dakoverstek-repareren-boeiboord-aansluiting.webp
dakoverstek-vervangen	1	hero	1065x1350	317994	/assets/img/dakoverstek-vervangen/dakoverstek-vervangen-boeiboord-aansluiting.webp
dakoverstek-vervangen	2	image	1200x900	213030	/assets/img/dakoverstek-vervangen/dakoverstek-vervangen-live-overstek-woning.jpg
dakoverstek-vervangen	3	hero	1065x1350	317994	/assets/img/dakoverstek-vervangen/dakoverstek-vervangen-boeiboord-aansluiting.webp
dakraam-plaatsen	1	hero	1200x554	115552	/assets/img/dakraam-plaatsen/dakraam-plaatsen-hero.webp
dakraam-plaatsen	2	image	1200x554	151538	/assets/img/dakraam-plaatsen/dakraam-plaatsen-dakraam-detail.webp
dakraam-plaatsen	3	image	1000x712	17032	/assets/img/dakraam-plaatsen/dakraam-plaatsen-gootstuk-detail.webp
dakraam-vervangen	1	hero	1200x554	151538	/assets/img/dakraam-vervangen/dakraam-vervangen-hero.webp
dakraam-vervangen	2	image	1200x554	151538	/assets/img/dakraam-vervangen/dakraam-vervangen-detail.webp
dakraam-vervangen	3	image	1000x712	17032	/assets/img/dakraam-vervangen/dakraam-vervangen-gootstuk-detail.webp
dakraamlood-vervangen	1	hero	1299x599	84134	/assets/img/dakraamlood-vervangen/dakraamlood-vervangen-live-dakraamlood-vervangen.webp
dakraamlood-vervangen	2	image	1000x712	17032	/assets/img/dakraamlood-vervangen/dakraamlood-vervangen-live-gootstuk.webp
dakraamlood-vervangen	3	image	1500x693	92478	/assets/img/dakraamlood-vervangen/dakraamlood-vervangen-live-met-lekkage.webp
dakraamlood-vervangen	4	strip	1500x692	162868	/assets/img/dakraamlood-vervangen/dakraamlood-vervangen-live-te-vervangen.webp
dakraamlood-vervangen	5	strip	2000x660	135924	/assets/img/dakraamlood-vervangen/dakraamlood-vervangen-live-banner.webp
dakrand-bekleden	1	hero	600x586	80520	/assets/img/dakrand-bekleden/dakrand-bekleden-hero-dakrand.webp
dakrand-bekleden	2	image	1200x554	102156	/assets/img/dakrand-bekleden/dakrand-bekleden-dakrand-detail.webp
dakrand-bekleden	3	image	1065x1350	317994	/assets/img/dakrand-bekleden/dakrand-bekleden-boeiboord-aansluiting.webp
dakrand-renoveren	1	hero	600x586	80520	/assets/img/dakrand-renoveren/dakrand-renoveren-hero-dakrand.webp
dakrand-renoveren	2	image	1200x554	102156	/assets/img/dakrand-renoveren/dakrand-renoveren-dakrand-detail.webp
dakrand-renoveren	3	image	1065x1350	317994	/assets/img/dakrand-renoveren/dakrand-renoveren-boeiboord-aansluiting.webp
dakrand-repareren	1	hero	600x586	80520	/assets/img/dakrand-repareren/dakrand-repareren-hero-dakrand.webp
dakrand-repareren	2	image	1200x554	102156	/assets/img/dakrand-repareren/dakrand-repareren-dakrand-detail.webp
dakrand-repareren	3	image	1065x1350	317994	/assets/img/dakrand-repareren/dakrand-repareren-boeiboord-aansluiting.webp
dakrand-vervangen	1	hero	720x1280	201515	/assets/img/dakrand-vervangen/dakrand-vervangen-live-dakkapel-dakrand.jpg
dakrand-vervangen	2	image	720x1280	119366	/assets/img/dakrand-vervangen/dakrand-vervangen-live-dakkapel-voorbereiding.jpg
dakrand-vervangen	3	image	720x1280	173865	/assets/img/dakrand-vervangen/dakrand-vervangen-live-aansluiting-bovenaanzicht.jpg
dakrenovatie	1	hero	1200x463	100266	/assets/img/dakrenovatie/dakrenovatie-visual-01-dakrenovatie-pannendak-diensten-dakrenovatie.webp
dakrenovatie	2	image	1200x1379	332512	/assets/img/dakrenovatie/dakrenovatie-visual-02-dakrenovatie-pannendak-nodig-diensten-dakrenovatie.webp
dakrenovatie	3	image	116x160	5602	/assets/img/dakrenovatie/dakrenovatie-visual-03-dakrenovatie-pannendak-nodig-2-diensten-dakrenovatie.webp
dakventilatie-aanbrengen	1	hero	1200x463	100266	/assets/img/dakventilatie-aanbrengen/dakventilatie-aanbrengen-hero-dakopbouw.webp
dakventilatie-aanbrengen	2	image	1200x1379	332512	/assets/img/dakventilatie-aanbrengen/dakventilatie-aanbrengen-dakconstructie.webp
dakventilatie-aanbrengen	3	image	116x160	5602	/assets/img/dakventilatie-aanbrengen/dakventilatie-aanbrengen-luchtspouw.webp
dakventilatie-vervangen	1	hero	1200x463	100266	/assets/img/dakventilatie-vervangen/dakventilatie-vervangen-hero-dakopbouw.webp
dakventilatie-vervangen	2	image	1200x1379	332512	/assets/img/dakventilatie-vervangen/dakventilatie-vervangen-dakconstructie.webp
dakventilatie-vervangen	3	image	116x160	5602	/assets/img/dakventilatie-vervangen/dakventilatie-vervangen-luchtspouw.webp
dakvoet-repareren	1	hero	1200x463	100266	/assets/img/dakvoet-repareren/dakvoet-repareren-hero-hellend-dak.webp
dakvoet-repareren	2	image	1200x675	222222	/assets/img/dakvoet-repareren/dakvoet-repareren-dakpannen-detail.webp
dakvoet-repareren	3	image	1600x739	427724	/assets/img/dakvoet-repareren/dakvoet-repareren-dakconstructie-detail.webp
dakvoet-vervangen	1	hero	1200x463	100266	/assets/img/dakvoet-vervangen/dakvoet-vervangen-hero-hellend-dak.webp
dakvoet-vervangen	2	image	1200x675	222222	/assets/img/dakvoet-vervangen/dakvoet-vervangen-dakpannen-detail.webp
dakvoet-vervangen	3	image	1600x739	427724	/assets/img/dakvoet-vervangen/dakvoet-vervangen-dakconstructie-detail.webp
diensten-dakgoot	1	hero	720x436	37932	/assets/img/diensten-dakgoot/diensten-dakgoot-visual-01-dakgoot-vervangen.webp
diensten-dakgoot	2	image	360x208	12910	/assets/img/diensten-dakgoot/diensten-dakgoot-visual-02-dakgoot-reinigen.webp
diensten-dakgoot	3	image	1200x675	198106	/assets/img/diensten-dakgoot/diensten-dakgoot-visual-03-dakgoot-plaatsen.webp
diensten-dakkapel	1	hero	720x336	29942	/assets/img/diensten-dakkapel/diensten-dakkapel-visual-01-dakkapel-renoveren-diensten-dakkapel-renovatie.webp
diensten-dakkapel	2	image	1200x561	93528	/assets/img/diensten-dakkapel/diensten-dakkapel-visual-02-dakkapel-diensten-dakkapel-renovatie-1.webp
diensten-dakkapel	3	image	1200x510	161092	/assets/img/diensten-dakkapel/diensten-dakkapel-visual-03-plat-dak-overlagen-3-diensten-plat-dak-overlagen.webp
diensten-dakraam	1	hero	1200x554	151538	/assets/img/diensten-dakraam/diensten-dakraam-visual-01-dakraam-vervangen.webp
diensten-dakraam	2	image	1200x554	115552	/assets/img/diensten-dakraam/diensten-dakraam-visual-02-dakraam-plaatsen.webp
diensten-dakraam	3	image	1200x554	163240	/assets/img/diensten-dakraam/diensten-dakraam-visual-03-dakraamlood-vervangen.webp
diensten-loodafwerkingen	1	hero	1200x554	212182	/assets/img/diensten-loodafwerkingen/diensten-loodafwerkingen-visual-01-daklood-in-slechte-staat-diensten-daklood-vervangen.webp
diensten-loodafwerkingen	2	image	1200x554	163240	/assets/img/diensten-loodafwerkingen/diensten-loodafwerkingen-visual-02-dakraamlood-vervangen.webp
diensten-loodafwerkingen	3	image	1200x554	70818	/assets/img/diensten-loodafwerkingen/diensten-loodafwerkingen-visual-03-kozijnlood-is-vervangen-diensten-kozijnlood-vervangen.webp
diensten-plat-dak	1	hero	1200x554	212182	/assets/img/diensten-plat-dak/diensten-plat-dak-visual-01-daklood-in-slechte-staat-diensten-daklood-vervangen.webp
diensten-plat-dak	2	image	1200x585	182324	/assets/img/diensten-plat-dak/diensten-plat-dak-visual-02-reparatie-plat-dak-diensten-reparatie-plat-dak-2.webp
diensten-plat-dak	3	image	1200x510	161092	/assets/img/diensten-plat-dak/diensten-plat-dak-visual-03-plat-dak-overlagen-3-diensten-plat-dak-overlagen.webp
diensten-schoorsteen	1	hero	900x513	81794	/assets/img/diensten-schoorsteen/diensten-schoorsteen-visual-01-repareren-metselwerk-diensten-repareren-metselwerk.webp
diensten-schoorsteen	2	image	1200x599	107336	/assets/img/diensten-schoorsteen/diensten-schoorsteen-visual-02-schoorsteen-afbreken-diensten-schoorsteen-opnieuw-opmetselen.webp
diensten-schoorsteen	3	image	1200x554	201440	/assets/img/diensten-schoorsteen/diensten-schoorsteen-visual-03-gepleisterde-schoorsteen-diensten-schoorsteen-pleisteren.webp
diensten-schuin-dak	1	hero	1200x675	145478	/assets/img/diensten-schuin-dak/diensten-schuin-dak-visual-01-dak-isoleren-pir-diensten-dak-isoleren.webp
diensten-schuin-dak	2	image	1200x675	222222	/assets/img/diensten-schuin-dak/diensten-schuin-dak-visual-02-pannendak-reinigen-diensten-pannendak-reinigen.webp
diensten-schuin-dak	3	image	1200x675	198106	/assets/img/diensten-schuin-dak/diensten-schuin-dak-visual-03-dakgoot-plaatsen.webp
gevelbekleding-aanbrengen	1	hero	600x586	80520	/assets/img/gevelbekleding-aanbrengen/gevelbekleding-aanbrengen-hero-gevel.webp
gevelbekleding-aanbrengen	2	image	1200x554	102156	/assets/img/gevelbekleding-aanbrengen/gevelbekleding-aanbrengen-detail.webp
gevelbekleding-aanbrengen	3	image	1065x1350	317994	/assets/img/gevelbekleding-aanbrengen/gevelbekleding-aanbrengen-aansluiting.webp
gevelbekleding-repareren	1	hero	600x586	80520	/assets/img/gevelbekleding-repareren/gevelbekleding-repareren-hero-gevel.webp
gevelbekleding-repareren	2	image	1200x554	102156	/assets/img/gevelbekleding-repareren/gevelbekleding-repareren-detail.webp
gevelbekleding-repareren	3	image	1065x1350	317994	/assets/img/gevelbekleding-repareren/gevelbekleding-repareren-aansluiting.webp
gevelbekleding-vervangen	1	hero	600x586	80520	/assets/img/gevelbekleding-vervangen/gevelbekleding-vervangen-hero-gevel.webp
gevelbekleding-vervangen	2	image	1200x554	102156	/assets/img/gevelbekleding-vervangen/gevelbekleding-vervangen-detail.webp
gevelbekleding-vervangen	3	image	1065x1350	317994	/assets/img/gevelbekleding-vervangen/gevelbekleding-vervangen-aansluiting.webp
gratis-dakinspectie	1	hero	1391x1600	375800	/assets/img/gratis-dakinspectie/gratis-dakinspectie-01-dakrenovatie-pannendak-nodig-diensten-dakrenovatie.webp
gratis-dakinspectie	2	image	2000x924	155322	/assets/img/gratis-dakinspectie/gratis-dakinspectie-01-plat-dak-overlagen-2-diensten-plat-dak-vervangen.webp
gratis-dakinspectie	3	image	620x365	55930	/assets/img/gratis-dakinspectie/gratis-dakinspectie-01-nokvorsten-1.webp
gratis-dakinspectie	4	image	1391x1600	375800	/assets/img/gratis-dakinspectie/gratis-dakinspectie-01-dakrenovatie-pannendak-nodig-diensten-dakrenovatie.webp
groendak-aanbrengen	1	hero	312x349	21338	/assets/img/groendak-aanbrengen/groendak-aanbrengen-hero-plat-dak.webp
groendak-aanbrengen	2	image	1200x510	161092	/assets/img/groendak-aanbrengen/groendak-aanbrengen-dakopbouw.webp
groendak-aanbrengen	3	image	312x349	21338	/assets/img/groendak-aanbrengen/groendak-aanbrengen-dakbedekking-controle.webp
kilgoot-repareren	1	hero	1200x1600	285550	/assets/img/kilgoot-repareren/kilgoot-repareren-hero-hellend-dak.webp
kilgoot-repareren	2	image	1200x463	100266	/assets/img/kilgoot-repareren/kilgoot-repareren-pannendak-detail.webp
kilgoot-repareren	3	image	843x1498	182566	/assets/img/kilgoot-repareren/kilgoot-repareren-waterafvoer-detail.webp
kilgoot-vervangen	1	hero	1200x1600	285550	/assets/img/kilgoot-vervangen/kilgoot-vervangen-hero-hellend-dak.webp
kilgoot-vervangen	2	image	1200x463	100266	/assets/img/kilgoot-vervangen/kilgoot-vervangen-pannendak-detail.webp
kilgoot-vervangen	3	image	843x1498	182566	/assets/img/kilgoot-vervangen/kilgoot-vervangen-waterafvoer-detail.webp
kozijnlood-vervangen	1	hero	1445x600	75530	/assets/img/kozijnlood-vervangen/kozijnlood-vervangen-live-vervangen.webp
kozijnlood-vervangen	2	strip	866x400	24882	/assets/img/kozijnlood-vervangen/kozijnlood-vervangen-live-is-vervangen.webp
kozijnlood-vervangen	3	strip	743x349	11716	/assets/img/kozijnlood-vervangen/kozijnlood-vervangen-live-is-vervangen-detail.webp
kozijnlood-vervangen	4	hero	1445x600	75530	/assets/img/kozijnlood-vervangen/kozijnlood-vervangen-live-vervangen.webp
lichtkoepel-plaatsen	1	hero	600x586	80520	/assets/img/lichtkoepel-plaatsen/lichtkoepel-plaatsen-hero-plat-dak.webp
lichtkoepel-plaatsen	2	image	1200x554	102156	/assets/img/lichtkoepel-plaatsen/lichtkoepel-plaatsen-opstand-detail.webp
lichtkoepel-plaatsen	3	image	1200x706	260732	/assets/img/lichtkoepel-plaatsen/lichtkoepel-plaatsen-aansluiting-detail.webp
lichtkoepel-vervangen	1	hero	600x586	80520	/assets/img/lichtkoepel-vervangen/lichtkoepel-vervangen-hero-plat-dak.webp
lichtkoepel-vervangen	2	image	1200x554	102156	/assets/img/lichtkoepel-vervangen/lichtkoepel-vervangen-opstand-detail.webp
lichtkoepel-vervangen	3	image	1200x706	260732	/assets/img/lichtkoepel-vervangen/lichtkoepel-vervangen-aansluiting-detail.webp
lood-rond-dakdoorvoer-vervangen	1	hero	713x329	75134	/assets/img/lood-rond-dakdoorvoer-vervangen/lood-rond-dakdoorvoer-vervangen-hero-detail.webp
lood-rond-dakdoorvoer-vervangen	2	image	1500x693	92478	/assets/img/lood-rond-dakdoorvoer-vervangen/lood-rond-dakdoorvoer-vervangen-aansluiting-detail.webp
lood-rond-dakdoorvoer-vervangen	3	image	1000x944	157740	/assets/img/lood-rond-dakdoorvoer-vervangen/lood-rond-dakdoorvoer-vervangen-loodwerk-detail.webp
metselwerk-repareren	1	hero	1200x554	203948	/assets/img/metselwerk-repareren/metselwerk-repareren-visual-01-gebroken-metselwerk-diensten-repareren-metselwerk.webp
metselwerk-repareren	2	image	1200x554	250750	/assets/img/metselwerk-repareren/metselwerk-repareren-visual-02-gebroken-metselwerk-2-diensten-repareren-metselwerk.webp
metselwerk-repareren	3	image	500x462	44232	/assets/img/metselwerk-repareren/metselwerk-repareren-visual-03-repareren-metselwerk-diensten-repareren-metselwerk-1.webp
nokrenovatie	1	hero	1200x1145	206230	/assets/img/nokrenovatie/nokrenovatie-visual-01-nokvorsten-renoveren-diensten-nokvorstrenovatie-1.webp
nokrenovatie	2	image	450x198	16000	/assets/img/nokrenovatie/nokrenovatie-visual-02-nokvorsten-vervangen-diensten-nokvorstrenovatie-1.webp
nokrenovatie	3	image	924x2000	267370	/assets/img/nokrenovatie/nokrenovatie-visual-03-versleten-nokvorsten-herkennen-diensten-nokvorstrenovatie-1.webp
noodreparatie	1	hero	840x861	125574	/assets/img/noodreparatie/noodreparatie-01-noodreparatie-schoorsteen-lekkage.webp
noodreparatie	2	image	1600x1313	342104	/assets/img/noodreparatie/noodreparatie-01-tijdelijke-oplossing-die-het-probleem-verergerde.webp
noodreparatie	3	image	1152x1145	126248	/assets/img/noodreparatie/noodreparatie-01-schoorsteen-renoveren-in-velddriel.webp
plat-dak-overlagen	1	hero	1200x675	134856	/assets/img/plat-dak-overlagen/plat-dak-overlagen-visual-01-plat-dak-overlagen-diensten-plat-dak-overlagen.webp
plat-dak-overlagen	2	image	1200x554	95624	/assets/img/plat-dak-overlagen/plat-dak-overlagen-visual-02-plat-dak-overlagen-diensten-plat-dak-vervangen.webp
plat-dak-overlagen	3	image	600x360	37252	/assets/img/plat-dak-overlagen/plat-dak-overlagen-visual-03-plat-dak-overlagen-1-diensten-plat-dak-overlagen-1.webp
plat-dak-reparatie	1	hero	1200x706	260732	/assets/img/plat-dak-reparatie/plat-dak-reparatie-live-reparatie.webp
plat-dak-reparatie	2	strip	600x586	80520	/assets/img/plat-dak-reparatie/plat-dak-reparatie-live-lekkage.webp
plat-dak-reparatie	3	strip	1200x554	95624	/assets/img/plat-dak-reparatie/plat-dak-reparatie-live-overlagen.webp
plat-dak-vervangen	1	hero	1200x554	95624	/assets/img/plat-dak-vervangen/plat-dak-vervangen-live-overlagen.webp
plat-dak-vervangen	2	strip	1200x554	102156	/assets/img/plat-dak-vervangen/plat-dak-vervangen-live-detail.webp
plat-dak-vervangen	3	strip	312x349	21338	/assets/img/plat-dak-vervangen/plat-dak-vervangen-live-plat-dak.webp
pleisteren	1	hero	1137x525	130824	/assets/img/pleisteren/pleisteren-visual-01-gepleisterde-schoorsteen-diensten-schoorsteen-pleisteren.webp
pleisteren	2	image	1200x1131	376378	/assets/img/pleisteren/pleisteren-visual-02-te-pleisteren-schoorsteen-diensten-schoorsteen-pleisteren.webp
pleisteren	3	image	1200x1535	380388	/assets/img/pleisteren/pleisteren-visual-03-pleisteren-schoorsteen-diensten-schoorsteen-pleisteren.webp
rapportage-dakinspectie	1	hero	1940x1208	174506	/assets/img/rapportage-dakinspectie/rapportage-dakinspectie-01-rapportage-dakinspectie-daklekkages-opgelost.webp
rapportage-dakinspectie	2	image	1600x1200	183154	/assets/img/rapportage-dakinspectie/rapportage-dakinspectie-01-tijd-tussen-oorzaak-en-gevolg-bij-daklekkage.webp
rapportage-dakinspectie	3	image	820x564	61702	/assets/img/rapportage-dakinspectie/rapportage-dakinspectie-01-twijfel-en-onduidelijkheden-aanleiding-voor-dakinspect.webp
schoorsteen-afdekken	1	hero	1200x900	145966	/assets/img/schoorsteen-afdekken/schoorsteen-afdekken-hero-schoorsteen.webp
schoorsteen-afdekken	2	image	400x389	32648	/assets/img/schoorsteen-afdekken/schoorsteen-afdekken-schoorsteenkop-detail.webp
schoorsteen-opnieuw-opmetselen	1	hero	400x389	32648	/assets/img/schoorsteen-opnieuw-opmetselen/schoorsteen-opnieuw-opmetselen-visual-01-schoorsteen-opnieuw-opmetselen-diensten-schoorsteen-opnieuw-opmetselen.webp
schoorsteen-opnieuw-opmetselen	2	image	1200x1272	211622	/assets/img/schoorsteen-opnieuw-opmetselen/schoorsteen-opnieuw-opmetselen-visual-02-schoorsteen-opnieuw-opmetselen2-diensten-schoorsteen-opnieuw-opmetsele.webp
schoorsteen-opnieuw-opmetselen	3	image	1200x599	107336	/assets/img/schoorsteen-opnieuw-opmetselen/schoorsteen-opnieuw-opmetselen-visual-03-schoorsteen-afbreken-diensten-schoorsteen-opnieuw-opmetselen.webp
schoorsteen-verwijderen	1	hero	300x400	14322	/assets/img/schoorsteen-verwijderen/schoorsteen-verwijderen-visual-01-lekkage-schoorsteen-diensten-schoorsteen-verwijderen.webp
schoorsteen-verwijderen	2	image	1200x628	192124	/assets/img/schoorsteen-verwijderen/schoorsteen-verwijderen-visual-02-schoorsteen-renoveren-diensten-schoorsteenrenovatie.webp
schoorsteenkap-plaatsen	1	hero	1200x900	145966	/assets/img/schoorsteenkap-plaatsen/schoorsteenkap-plaatsen-hero-schoorsteen.webp
schoorsteenkap-plaatsen	2	image	400x389	32648	/assets/img/schoorsteenkap-plaatsen/schoorsteenkap-plaatsen-schoorsteenkop-detail.webp
schoorsteenkap-plaatsen	3	image	700x700	19796	/assets/img/schoorsteenkap-plaatsen/schoorsteenkap-plaatsen-afwerking-detail.webp
schoorsteenkap-vervangen	1	hero	1200x900	145966	/assets/img/schoorsteenkap-vervangen/schoorsteenkap-vervangen-hero-schoorsteen.webp
schoorsteenkap-vervangen	2	image	400x389	32648	/assets/img/schoorsteenkap-vervangen/schoorsteenkap-vervangen-schoorsteenkop-detail.webp
schoorsteenkap-vervangen	3	image	700x700	19796	/assets/img/schoorsteenkap-vervangen/schoorsteenkap-vervangen-afwerking-detail.webp
schoorsteenlood-spouw-vervangen	1	hero	1200x675	225128	/assets/img/schoorsteenlood-spouw-vervangen/schoorsteenlood-spouw-vervangen-live-uitvoering.webp
schoorsteenlood-spouw-vervangen	2	strip	400x418	37780	/assets/img/schoorsteenlood-spouw-vervangen/schoorsteenlood-spouw-vervangen-live-spouwlood.webp
schoorsteenlood-spouw-vervangen	3	strip	1200x675	212580	/assets/img/schoorsteenlood-spouw-vervangen/schoorsteenlood-spouw-vervangen-live-detail.webp
schoorsteenlood-vervangen	1	hero	1200x675	251428	/assets/img/schoorsteenlood-vervangen/schoorsteenlood-vervangen-live-oud-lood.webp
schoorsteenlood-vervangen	2	image	400x711	34316	/assets/img/schoorsteenlood-vervangen/schoorsteenlood-vervangen-live-vervangen.webp
schoorsteenrenovatie	1	hero	1200x900	145966	/assets/img/schoorsteenrenovatie/schoorsteenrenovatie-visual-01-schoorsteenlekkage-diensten-schoorsteenrenovatie-1.webp
schoorsteenrenovatie	2	image	400x389	32648	/assets/img/schoorsteenrenovatie/schoorsteenrenovatie-visual-02-schoorsteen-opnieuw-opmetselen-diensten-schoorsteen-opnieuw-opmetselen.webp
schoorsteenrenovatie	3	image	700x700	19796	/assets/img/schoorsteenrenovatie/schoorsteenrenovatie-visual-03-schoorsteen-renoveren-nokschoorsteen.webp
spoedreparatie	1	hero	840x861	125574	/assets/img/spoedreparatie/spoedreparatie-01-noodreparatie-schoorsteen-lekkage.webp
spoedreparatie	2	image	1600x1313	342104	/assets/img/spoedreparatie/spoedreparatie-01-tijdelijke-oplossing-die-het-probleem-verergerde.webp
spoedreparatie	3	image	1152x1145	126248	/assets/img/spoedreparatie/spoedreparatie-01-schoorsteen-renoveren-in-velddriel.webp
trapsgewijs-lood-vervangen	1	hero	1200x534	165754	/assets/img/trapsgewijs-lood-vervangen/trapsgewijs-lood-vervangen-live-loodloketten.webp
trapsgewijs-lood-vervangen	2	strip	1200x1460	279290	/assets/img/trapsgewijs-lood-vervangen/trapsgewijs-lood-vervangen-live-te-vervangen.webp
trapsgewijs-lood-vervangen	3	strip	400x485	48734	/assets/img/trapsgewijs-lood-vervangen/trapsgewijs-lood-vervangen-live-vervangen.webp
vogelschroot-aanbrengen	1	hero	1200x463	100266	/assets/img/vogelschroot-aanbrengen/vogelschroot-aanbrengen-hero-dakvoet.webp
vogelschroot-aanbrengen	2	image	1200x1379	332512	/assets/img/vogelschroot-aanbrengen/vogelschroot-aanbrengen-dakconstructie.webp
vogelschroot-aanbrengen	3	image	116x160	5602	/assets/img/vogelschroot-aanbrengen/vogelschroot-aanbrengen-dakvoet-detail.webp
vogelschroot-vervangen	1	hero	1200x463	100266	/assets/img/vogelschroot-vervangen/vogelschroot-vervangen-hero-dakvoet.webp
vogelschroot-vervangen	2	image	1200x1379	332512	/assets/img/vogelschroot-vervangen/vogelschroot-vervangen-dakconstructie.webp
vogelschroot-vervangen	3	image	116x160	5602	/assets/img/vogelschroot-vervangen/vogelschroot-vervangen-dakvoet-detail.webp
windveer-aanbrengen	1	hero	1065x1350	317994	/assets/img/windveer-aanbrengen/windveer-aanbrengen-hero-dakrand.webp
windveer-aanbrengen	2	image	1200x554	102156	/assets/img/windveer-aanbrengen/windveer-aanbrengen-dakrand-detail.webp
windveer-aanbrengen	3	image	843x1498	182566	/assets/img/windveer-aanbrengen/windveer-aanbrengen-dakgoot-detail.webp
windveer-repareren	1	hero	1065x1350	317994	/assets/img/windveer-repareren/windveer-repareren-hero-dakrand.webp
windveer-repareren	2	image	1200x554	102156	/assets/img/windveer-repareren/windveer-repareren-dakrand-detail.webp
windveer-repareren	3	image	843x1498	182566	/assets/img/windveer-repareren/windveer-repareren-dakgoot-detail.webp
windveer-vervangen	1	hero	1065x1350	317994	/assets/img/windveer-vervangen/windveer-vervangen-hero-dakrand.webp
windveer-vervangen	2	image	1200x554	102156	/assets/img/windveer-vervangen/windveer-vervangen-dakrand-detail.webp
windveer-vervangen	3	image	843x1498	182566	/assets/img/windveer-vervangen/windveer-vervangen-dakgoot-detail.webp
